"_id","asesor","inicioVisita","finVisita","numeroDeCliente","comentarios1","cuentaConInventario","hayOrdenDeCompra","comentarios2","comentarios3","competidores","promociones","planDeComunicacion","materiales","exhibiciones","distribuidor","ordenDeCompra","porqueNoCompra"
"661ed972a7464541699f3346","PRO-01","2024-04-16T13:59:19-06:00","2024-04-16T14:02:56-06:00","IZT-0133","Exhibición en vitrina con precio de promoción ",false,false,"Se realiza venta directa ","Visibilidad ","{""nombre"":""GLORIA"",""productos"":{""gramos"":1,""precio"":185,""hasPromo"":false}}","[{""promo"":""6 cajas por pallete en 90g"",""implementada"":false},{""promo"":""6 cajas por pallete en 225g"",""implementada"":false},{""promo"":""3 cajas por pallete en 1Kg"",""implementada"":true}]","[{""materiales"":""Stopper \""Hazlo con\"""",""alcance"":true},{""materiales"":""Display \""Es chido ser Leal\"""",""alcance"":false},{""materiales"":""Electo \""Aquí somos leales\"""",""alcance"":true}]","[{""material"":""Poster 1"",""pop"":true}]","[{""producto"":""Iberia 1kg"",""periodoNegociado"":""1 semana"",""pop"":true}]",,,
"661edcac1ec3b767cbae120f","PRO-01","2024-04-16T14:03:55-06:00","2024-04-16T14:16:42-06:00","IZT-0132","Tiene visibilidad en vitrina ",false,false,"Realizará pedido de compra los siguientes días ","Acepta la implementación de pop","{""nombre"":""GLORIA"",""productos"":{""gramos"":1,""precio"":181,""hasPromo"":false}}","[{""promo"":""6 cajas por pallete en 90g"",""implementada"":false},{""promo"":""6 cajas por pallete en 225g"",""implementada"":false},{""promo"":""3 cajas por pallete en 1Kg"",""implementada"":true}]","[{""materiales"":""Stopper \""Hazlo con\"""",""alcance"":true},{""materiales"":""Display \""Es chido ser Leal\"""",""alcance"":true},{""materiales"":""Electo \""Aquí somos leales\"""",""alcance"":true}]","[{""material"":""Poster 1"",""pop"":false}]","[{""producto"":""Iberia 1kg"",""periodoNegociado"":""1 semana"",""pop"":true}]",,,
"6633b502d5a0e1b3da8cd5ea","PRO-02","2024-05-02T09:35:58-06:00","2024-05-02T09:44:53-06:00","MER-0112","Pedido fue de
30 cajas de 90g 
30cajas de 225g
5 cajas de 1kg.
Ya no lo subió ala bodega y me dijo que hiciera una exhibición ",true,false,"Tiene 
27 90g
20 225g
5 1kg.","Más publicidad ","{""nombre"":""CHILCHOTA"",""productos"":{""gramos"":1,""precio"":100,""hasPromo"":false}}","[{""promo"":""6 cajas por pallete en 90g"",""implementada"":false},{""promo"":""6 cajas por pallete en 225g"",""implementada"":false},{""promo"":""3 cajas por pallete en 1Kg"",""implementada"":true}]","[{""materiales"":""Stopper \""Hazlo con\"""",""alcance"":true},{""materiales"":""Display \""Es chido ser Leal\"""",""alcance"":true},{""materiales"":""Electo \""Aquí somos leales\"""",""alcance"":true}]","[{""material"":""Poster 1"",""pop"":false}]","[{""producto"":""Iberia 90g"",""periodoNegociado"":""1 semana"",""pop"":false}]",,,
"6633bc21b094f918b5896f66","PRO-02","2024-05-02T09:48:25-06:00","2024-05-02T10:15:27-06:00","MER-0119","Acomodo de fechas de caducidad y sugerido
Fue de 
100 cajas 90g
100cajas 225
20 cajas de 1kg ",false,false,"Tienen inventario","Labor de benta","{""nombre"":""LA VILLITA"",""productos"":{""gramos"":1,""precio"":57,""hasPromo"":false}}","[{""promo"":""6 cajas por pallete en 90g"",""implementada"":false},{""promo"":""6 cajas por pallete en 225g"",""implementada"":false},{""promo"":""3 cajas por pallete en 1Kg"",""implementada"":true}]","[{""materiales"":""Stopper \""Hazlo con\"""",""alcance"":true},{""materiales"":""Display \""Es chido ser Leal\"""",""alcance"":true},{""materiales"":""Electo \""Aquí somos leales\"""",""alcance"":true}]","[{""material"":""Poster 1"",""pop"":false}]","[{""producto"":""Iberia 90g"",""periodoNegociado"":""1 semana"",""pop"":false}]",,,
"6633bddeb094f918b5896f68","PRO-02","2024-05-02T10:19:41-06:00","2024-05-02T10:22:53-06:00","MER-0120","Tienen mercancía en bodega",true,false,"Tienen en bodega ","Acer más labor de benta","{""nombre"":""LA VILLITA"",""productos"":{""gramos"":1,""precio"":57,""hasPromo"":false}}","[{""promo"":""6 cajas por pallete en 90g"",""implementada"":false},{""promo"":""6 cajas por pallete en 225g"",""implementada"":false},{""promo"":""3 cajas por pallete en 1Kg"",""implementada"":true}]","[{""materiales"":""Stopper \""Hazlo con\"""",""alcance"":true},{""materiales"":""Display \""Es chido ser Leal\"""",""alcance"":true},{""materiales"":""Electo \""Aquí somos leales\"""",""alcance"":true}]","[{""material"":""Poster 1"",""pop"":false}]","[{""producto"":""Iberia 225g"",""periodoNegociado"":""1 semana"",""pop"":false}]",,,
"6633bf4bb094f918b5896f6a","PRO-02","2024-05-02T10:26:01-06:00","2024-05-02T10:28:58-06:00","MER-0114","Tiene en bodega",true,false,"Se les está desplazando muy despacio la mercancía ","Labor de venta ","{""nombre"":""LA VILLITA"",""productos"":{""gramos"":1,""precio"":57,""hasPromo"":false}}","[{""promo"":""6 cajas por pallete en 90g"",""implementada"":false},{""promo"":""6 cajas por pallete en 225g"",""implementada"":false},{""promo"":""3 cajas por pallete en 1Kg"",""implementada"":true}]","[{""materiales"":""Stopper \""Hazlo con\"""",""alcance"":true},{""materiales"":""Display \""Es chido ser Leal\"""",""alcance"":true},{""materiales"":""Electo \""Aquí somos leales\"""",""alcance"":true}]","[{""material"":""Poster 1"",""pop"":false}]","[{""producto"":""Iberia 90g"",""periodoNegociado"":""1 semana"",""pop"":false}]",,,
"6633c079b094f918b5896f6c","PRO-02","2024-05-02T10:31:43-06:00","2024-05-02T10:34:00-06:00","MER-0115","No sé les desplaza el producto",true,false,"Tienen en bodega ","Más labor de venta","{""nombre"":""LA VILLITA"",""productos"":{""gramos"":1,""precio"":59,""hasPromo"":false}}","[{""promo"":""6 cajas por pallete en 90g"",""implementada"":false},{""promo"":""6 cajas por pallete en 225g"",""implementada"":false},{""promo"":""3 cajas por pallete en 1Kg"",""implementada"":true}]","[{""materiales"":""Stopper \""Hazlo con\"""",""alcance"":true},{""materiales"":""Display \""Es chido ser Leal\"""",""alcance"":true},{""materiales"":""Electo \""Aquí somos leales\"""",""alcance"":true}]","[{""material"":""Poster 1"",""pop"":false}]","[{""producto"":""Iberia 90g"",""periodoNegociado"":""1 semana"",""pop"":false}]",,,
"6633c2c5b094f918b5896f6e","PRO-02","2024-05-02T10:42:26-06:00","2024-05-02T10:43:48-06:00","MER-0113","Tiene en bodega",true,false,"No sé desplasa mucho ","Labor de venta ","{""nombre"":""LA VILLITA"",""productos"":{""gramos"":1,""precio"":57,""hasPromo"":false}}","[{""promo"":""6 cajas por pallete en 90g"",""implementada"":false},{""promo"":""6 cajas por pallete en 225g"",""implementada"":false},{""promo"":""3 cajas por pallete en 1Kg"",""implementada"":true}]","[{""materiales"":""Stopper \""Hazlo con\"""",""alcance"":true},{""materiales"":""Display \""Es chido ser Leal\"""",""alcance"":true},{""materiales"":""Electo \""Aquí somos leales\"""",""alcance"":true}]","[{""material"":""Poster 1"",""pop"":false}]","[{""producto"":""Iberia 90g"",""periodoNegociado"":""1 semana"",""pop"":false}]",,,
"6633cdf23649d7e864ac51bb","PRO-02","2024-05-02T11:26:50-06:00","2024-05-02T11:31:28-06:00","MER-0103","No an pedido por qué cambiaron de encargada pero van a checar cuánto tienen en bodega para Aser el sugerido ",true,false,"Tienen en bodega","Venden poko el producto ","{""nombre"":""DELICIA"",""productos"":{""gramos"":90,""precio"":7,""hasPromo"":false}}","[{""promo"":""6 cajas por pallete en 90g"",""implementada"":false},{""promo"":""6 cajas por pallete en 225g"",""implementada"":false},{""promo"":""3 cajas por pallete en 1Kg"",""implementada"":true}]","[{""materiales"":""Stopper \""Hazlo con\"""",""alcance"":true},{""materiales"":""Display \""Es chido ser Leal\"""",""alcance"":true},{""materiales"":""Electo \""Aquí somos leales\"""",""alcance"":true}]","[{""material"":""Poster 1"",""pop"":false}]","[{""producto"":""Iberia 90g"",""periodoNegociado"":""1 semana"",""pop"":false}]",,,
"6633ced73649d7e864ac51bd","PRO-02","2024-05-02T11:32:46-06:00","2024-05-02T11:35:18-06:00","MER-0107","No van a pedir por qué van a hacer inventario ",false,false,"Inventario ","Inventario ","{""nombre"":""LA VILLITA"",""productos"":{""gramos"":1,""precio"":57,""hasPromo"":false}}","[{""promo"":""6 cajas por pallete en 90g"",""implementada"":false},{""promo"":""6 cajas por pallete en 225g"",""implementada"":false},{""promo"":""3 cajas por pallete en 1Kg"",""implementada"":true}]","[{""materiales"":""Stopper \""Hazlo con\"""",""alcance"":true},{""materiales"":""Display \""Es chido ser Leal\"""",""alcance"":true},{""materiales"":""Electo \""Aquí somos leales\"""",""alcance"":true}]","[{""material"":""Poster 1"",""pop"":false}]","[{""producto"":""Iberia 90g"",""periodoNegociado"":""1 semana"",""pop"":false}]",,,
"6633cf703649d7e864ac51bf","PRO-02","2024-05-02T11:36:09-06:00","2024-05-02T11:37:51-06:00","MER-0104","No venden el producto ",false,false,"No manejan ninguna margarina ","No venden el producto ","{""nombre"":""LA VILLITA"",""productos"":{""gramos"":1,""precio"":57,""hasPromo"":false}}","[{""promo"":""6 cajas por pallete en 90g"",""implementada"":false},{""promo"":""6 cajas por pallete en 225g"",""implementada"":false},{""promo"":""3 cajas por pallete en 1Kg"",""implementada"":true}]","[{""materiales"":""Stopper \""Hazlo con\"""",""alcance"":true},{""materiales"":""Display \""Es chido ser Leal\"""",""alcance"":true},{""materiales"":""Electo \""Aquí somos leales\"""",""alcance"":true}]","[{""material"":""Poster 1"",""pop"":false}]","[{""producto"":""Iberia 90g"",""periodoNegociado"":""1 semana"",""pop"":false}]",,,
"6633d0de3649d7e864ac51c1","PRO-02","2024-05-02T11:39:54-06:00","2024-05-02T11:43:57-06:00","MER-0108","Vende poco el producto por qué da un poco más caro que las de más cremerias ",true,false,"Se mueve lento el producto ","Más labor de venta y mejorar el precio ","{""nombre"":""LA VILLITA"",""productos"":{""gramos"":1,""precio"":60,""hasPromo"":false}}","[{""promo"":""6 cajas por pallete en 90g"",""implementada"":false},{""promo"":""6 cajas por pallete en 225g"",""implementada"":false},{""promo"":""3 cajas por pallete en 1Kg"",""implementada"":true}]","[{""materiales"":""Stopper \""Hazlo con\"""",""alcance"":true},{""materiales"":""Display \""Es chido ser Leal\"""",""alcance"":true},{""materiales"":""Electo \""Aquí somos leales\"""",""alcance"":true}]","[{""material"":""Poster 1"",""pop"":false}]","[{""producto"":""Iberia 90g"",""periodoNegociado"":""1 semana"",""pop"":false}]",,,
"6633d57028f6f528f234f623","PRO-02","2024-05-02T12:00:08-06:00","2024-05-02T12:03:26-06:00","MER-0102","Sugerido 
13 cajas de 90g 
3 cajas de 225g
8 cajas de 1kg.",true,false,"Piden como se va vendiendo ","Más labor de venta ","{""nombre"":""CHILCHOTA"",""productos"":{""gramos"":1,""precio"":57,""hasPromo"":false}}","[{""promo"":""6 cajas por pallete en 90g"",""implementada"":false},{""promo"":""6 cajas por pallete en 225g"",""implementada"":false},{""promo"":""3 cajas por pallete en 1Kg"",""implementada"":true}]","[{""materiales"":""Stopper \""Hazlo con\"""",""alcance"":true},{""materiales"":""Display \""Es chido ser Leal\"""",""alcance"":true},{""materiales"":""Electo \""Aquí somos leales\"""",""alcance"":true}]","[{""material"":""Poster 1"",""pop"":false}]","[{""producto"":""Iberia 90g"",""periodoNegociado"":""1 semana"",""pop"":false}]",,,
"6634f42eabb35e662fca3779","PRO-02","2024-05-03T08:23:54-06:00","2024-05-03T08:26:52-06:00","MER-0119","Visita llenado de refri de Iberia de 1kg.acomodo de mercancía en bodega de lo que llegó ",true,false,"Tienen producto en bodega","Labor de venta ","{""nombre"":""CHILCHOTA"",""productos"":{""gramos"":1,""precio"":57,""hasPromo"":false}}","[{""promo"":""6 cajas por pallete en 90g"",""implementada"":false},{""promo"":""6 cajas por pallete en 225g"",""implementada"":false},{""promo"":""3 cajas por pallete en 1Kg"",""implementada"":true}]","[{""materiales"":""Stopper \""Hazlo con\"""",""alcance"":true},{""materiales"":""Display \""Es chido ser Leal\"""",""alcance"":true},{""materiales"":""Electo \""Aquí somos leales\"""",""alcance"":true}]","[{""material"":""Poster 1"",""pop"":false}]","[{""producto"":""Iberia 1kg"",""periodoNegociado"":""1 semana"",""pop"":false}]",,,
"663507769c6d1a64f70e1992","PRO-02","2024-05-03T09:46:46-06:00","2024-05-03T09:49:08-06:00","MER-0111","No me dieron ingreso asta tener una SITA ",true,false,"Estuve una hora y cuarto aver si me dejaba pasar y nada ","Si me podrán sacar una SITA por fas","{""nombre"":""LA VILLITA"",""productos"":{""gramos"":1,""precio"":57,""hasPromo"":false}}","[{""promo"":""6 cajas por pallete en 90g"",""implementada"":false},{""promo"":""6 cajas por pallete en 225g"",""implementada"":false},{""promo"":""3 cajas por pallete en 1Kg"",""implementada"":true}]","[{""materiales"":""Stopper \""Hazlo con\"""",""alcance"":true},{""materiales"":""Display \""Es chido ser Leal\"""",""alcance"":true},{""materiales"":""Electo \""Aquí somos leales\"""",""alcance"":true}]","[{""material"":""Poster 1"",""pop"":false}]","[{""producto"":""Iberia 90g"",""periodoNegociado"":""1 semana"",""pop"":false}]",,,
"66350a5575d111942e0a09f6","PRO-02","2024-05-03T09:58:35-06:00","2024-05-03T10:01:23-06:00","MER-0112","Checar la estiba de la exhibición ",true,false,"Tienen en bodega ","No van a pedir tienen en bodega","{""nombre"":""LA VILLITA"",""productos"":{""gramos"":1,""precio"":57,""hasPromo"":false}}","[{""promo"":""6 cajas por pallete en 90g"",""implementada"":false},{""promo"":""6 cajas por pallete en 225g"",""implementada"":false},{""promo"":""3 cajas por pallete en 1Kg"",""implementada"":true}]","[{""materiales"":""Stopper \""Hazlo con\"""",""alcance"":true},{""materiales"":""Display \""Es chido ser Leal\"""",""alcance"":true},{""materiales"":""Electo \""Aquí somos leales\"""",""alcance"":true}]","[{""material"":""Poster 1"",""pop"":false}]","[{""producto"":""Iberia 90g"",""periodoNegociado"":""2 semanas"",""pop"":false}]",,,
"663516a1ab157a50c275b87f","PRO-02","2024-05-03T10:52:10-06:00","2024-05-03T10:53:50-06:00","MER-0113","No la venden mucho ",true,false,"Se les desplasa muy poko ","Mas labor de venta","{""nombre"":""LA VILLITA"",""productos"":{""gramos"":1,""precio"":57,""hasPromo"":false}}","[{""promo"":""6 cajas por pallete en 90g"",""implementada"":false},{""promo"":""6 cajas por pallete en 225g"",""implementada"":false},{""promo"":""3 cajas por pallete en 1Kg"",""implementada"":true}]","[{""materiales"":""Stopper \""Hazlo con\"""",""alcance"":true},{""materiales"":""Display \""Es chido ser Leal\"""",""alcance"":true},{""materiales"":""Electo \""Aquí somos leales\"""",""alcance"":true}]","[{""material"":""Poster 1"",""pop"":false}]","[{""producto"":""Iberia 90g"",""periodoNegociado"":""1 semana"",""pop"":false}]",,,
"66351751ab157a50c275b881","PRO-02","2024-05-03T10:54:51-06:00","2024-05-03T10:56:48-06:00","MER-0113","Se les desplasa muy poko ",true,false,"Si tienen en bodega ","Más labor de venta ","{""nombre"":""LA VILLITA"",""productos"":{""gramos"":1,""precio"":57,""hasPromo"":false}}","[{""promo"":""6 cajas por pallete en 90g"",""implementada"":false},{""promo"":""6 cajas por pallete en 225g"",""implementada"":false},{""promo"":""3 cajas por pallete en 1Kg"",""implementada"":true}]","[{""materiales"":""Stopper \""Hazlo con\"""",""alcance"":true},{""materiales"":""Display \""Es chido ser Leal\"""",""alcance"":true},{""materiales"":""Electo \""Aquí somos leales\"""",""alcance"":true}]","[{""material"":""Poster 1"",""pop"":false}]","[{""producto"":""Iberia 1kg"",""periodoNegociado"":""1 semana"",""pop"":false}]",,,
"66351aa55a4b16fd93c30698","PRO-02","2024-05-03T11:09:14-06:00","2024-05-03T11:10:59-06:00","MER-0116","No la venden mucho ",true,false,"Tienen en inventario ","Más labor de venta ","{""nombre"":""LA VILLITA"",""productos"":{""gramos"":1,""precio"":57,""hasPromo"":false}}","[{""promo"":""6 cajas por pallete en 90g"",""implementada"":false},{""promo"":""6 cajas por pallete en 225g"",""implementada"":false},{""promo"":""3 cajas por pallete en 1Kg"",""implementada"":true}]","[{""materiales"":""Stopper \""Hazlo con\"""",""alcance"":true},{""materiales"":""Display \""Es chido ser Leal\"""",""alcance"":true},{""materiales"":""Electo \""Aquí somos leales\"""",""alcance"":true}]","[{""material"":""Poster 1"",""pop"":false}]","[{""producto"":""Iberia 1kg"",""periodoNegociado"":""1 semana"",""pop"":false}]",,,
"66351c1e5a4b16fd93c3069a","PRO-02","2024-05-03T11:15:12-06:00","2024-05-03T11:17:17-06:00","MER-0115","Se desplasa muy despasio",true,false,"Tienen en bodega ","Más labor de venta ","{""nombre"":""LA VILLITA"",""productos"":{""gramos"":1,""precio"":57,""hasPromo"":false}}","[{""promo"":""6 cajas por pallete en 90g"",""implementada"":false},{""promo"":""6 cajas por pallete en 225g"",""implementada"":false},{""promo"":""3 cajas por pallete en 1Kg"",""implementada"":true}]","[{""materiales"":""Stopper \""Hazlo con\"""",""alcance"":true},{""materiales"":""Display \""Es chido ser Leal\"""",""alcance"":true},{""materiales"":""Electo \""Aquí somos leales\"""",""alcance"":true}]","[{""material"":""Poster 1"",""pop"":false}]","[{""producto"":""Iberia 1kg"",""periodoNegociado"":""1 semana"",""pop"":false}]",,,
"66351d1f5a4b16fd93c3069c","PRO-02","2024-05-03T11:19:11-06:00","2024-05-03T11:21:34-06:00","MER-0120","Pedido fue de
15 cajas de 225g
20 cajas de 90g
5 cajas de 1kg.",true,false,"Que da muy pocas cajas ","Más labor de venta ","{""nombre"":""CHILCHOTA"",""productos"":{""gramos"":1,""precio"":57,""hasPromo"":false}}","[{""promo"":""6 cajas por pallete en 90g"",""implementada"":false},{""promo"":""6 cajas por pallete en 225g"",""implementada"":false},{""promo"":""3 cajas por pallete en 1Kg"",""implementada"":true}]","[{""materiales"":""Stopper \""Hazlo con\"""",""alcance"":true},{""materiales"":""Display \""Es chido ser Leal\"""",""alcance"":true},{""materiales"":""Electo \""Aquí somos leales\"""",""alcance"":true}]","[{""material"":""Poster 1"",""pop"":false}]","[{""producto"":""Iberia 1kg"",""periodoNegociado"":""1 semana"",""pop"":false}]",,,
"6635309886b75bd2eac6ac8e","PRO-02","2024-05-03T12:43:16-06:00","2024-05-03T12:44:38-06:00","MER-0102","Tienen producto asta el sábado piden mercancía ",true,false,"Tienen en bodega","Más labor de venta","{""nombre"":""CHILCHOTA"",""productos"":{""gramos"":1,""precio"":57,""hasPromo"":false}}","[{""promo"":""6 cajas por pallete en 90g"",""implementada"":false},{""promo"":""6 cajas por pallete en 225g"",""implementada"":false},{""promo"":""3 cajas por pallete en 1Kg"",""implementada"":true}]","[{""materiales"":""Stopper \""Hazlo con\"""",""alcance"":true},{""materiales"":""Display \""Es chido ser Leal\"""",""alcance"":true},{""materiales"":""Electo \""Aquí somos leales\"""",""alcance"":true}]","[{""material"":""Poster 1"",""pop"":false}]","[{""producto"":""Iberia 90g"",""periodoNegociado"":""1 semana"",""pop"":false}]",,,
"6635316e86b75bd2eac6ac90","PRO-02","2024-05-03T12:45:59-06:00","2024-05-03T12:48:13-06:00","MER-0108","No la venden mucho se desplasa muy lento",true,false,"Tienen en bodega ","Da un poco más caro que las demás tiendas por eso Sele vende muy poko","{""nombre"":""LA VILLITA"",""productos"":{""gramos"":1,""precio"":62,""hasPromo"":false}}","[{""promo"":""6 cajas por pallete en 90g"",""implementada"":false},{""promo"":""6 cajas por pallete en 225g"",""implementada"":false},{""promo"":""3 cajas por pallete en 1Kg"",""implementada"":true}]","[{""materiales"":""Stopper \""Hazlo con\"""",""alcance"":true},{""materiales"":""Display \""Es chido ser Leal\"""",""alcance"":true},{""materiales"":""Electo \""Aquí somos leales\"""",""alcance"":true}]","[{""material"":""Poster 1"",""pop"":false}]","[{""producto"":""Iberia 225g"",""periodoNegociado"":""1 semana"",""pop"":false}]",,,
"66353a57c6ec48d48704167e","PRO-02","2024-05-03T13:22:31-06:00","2024-05-03T13:26:13-06:00","MER-0103","Nada más venden pura de kilo que las demás no las venden",true,false,"Falta más venta a detalle ","Mas la labor de venta","{""nombre"":""CHILCHOTA"",""productos"":{""gramos"":1,""precio"":57,""hasPromo"":false}}","[{""promo"":""6 cajas por pallete en 90g"",""implementada"":false},{""promo"":""6 cajas por pallete en 225g"",""implementada"":false},{""promo"":""3 cajas por pallete en 1Kg"",""implementada"":true}]","[{""materiales"":""Stopper \""Hazlo con\"""",""alcance"":true},{""materiales"":""Display \""Es chido ser Leal\"""",""alcance"":true},{""materiales"":""Electo \""Aquí somos leales\"""",""alcance"":true}]","[{""material"":""Poster 1"",""pop"":false}]","[{""producto"":""Iberia 1kg"",""periodoNegociado"":""1 semana"",""pop"":false}]",,,
"66353b15c6ec48d487041680","PRO-02","2024-05-03T13:26:55-06:00","2024-05-03T13:29:24-06:00","MER-0104","No venden el producto ",false,false,"No tienen","Le comenté de de las promociones o si la podía meter pero que no le interesaba","{""nombre"":""LA VILLITA"",""productos"":{""gramos"":1,""precio"":57,""hasPromo"":false}}","[{""promo"":""6 cajas por pallete en 90g"",""implementada"":false},{""promo"":""6 cajas por pallete en 225g"",""implementada"":false},{""promo"":""3 cajas por pallete en 1Kg"",""implementada"":true}]","[{""materiales"":""Stopper \""Hazlo con\"""",""alcance"":true},{""materiales"":""Display \""Es chido ser Leal\"""",""alcance"":true},{""materiales"":""Electo \""Aquí somos leales\"""",""alcance"":true}]","[{""material"":""Letrero plumón"",""pop"":false}]","[{""producto"":""Iberia 1kg"",""periodoNegociado"":""1 semana"",""pop"":false}]",,,
"663549859bbe2e1c96d24eba","PRO-02","2024-05-03T14:28:56-06:00","2024-05-03T14:30:58-06:00","MER-0107","Asta mañana levantan pedido ",true,false,"Poco ","No pidieron mercancía asta el sábado están acabando inventario ","{""nombre"":""LA VILLITA"",""productos"":{""gramos"":1,""precio"":57,""hasPromo"":false}}","[{""promo"":""6 cajas por pallete en 90g"",""implementada"":false},{""promo"":""6 cajas por pallete en 225g"",""implementada"":false},{""promo"":""3 cajas por pallete en 1Kg"",""implementada"":true}]","[{""materiales"":""Stopper \""Hazlo con\"""",""alcance"":true},{""materiales"":""Display \""Es chido ser Leal\"""",""alcance"":true},{""materiales"":""Electo \""Aquí somos leales\"""",""alcance"":true}]","[{""material"":""Poster 1"",""pop"":false}]","[{""producto"":""Iberia 1kg"",""periodoNegociado"":""1 semana"",""pop"":false}]",,,
"663550b6a26e4fe2cd24d477","PRO-02","2024-05-03T14:58:51-06:00","2024-05-03T15:01:40-06:00","MER-0119","Pase en la tarde por el sugerido 
Que son 
100 cajas de 90g 
100 cajas de 225g 
20 cajas de 1kg ",true,false,"Si tienen en bodega","Más labor de venta ","{""nombre"":""LA VILLITA"",""productos"":{""gramos"":1,""precio"":57,""hasPromo"":false}}","[{""promo"":""6 cajas por pallete en 90g"",""implementada"":false},{""promo"":""6 cajas por pallete en 225g"",""implementada"":false},{""promo"":""3 cajas por pallete en 1Kg"",""implementada"":true}]","[{""materiales"":""Stopper \""Hazlo con\"""",""alcance"":true},{""materiales"":""Display \""Es chido ser Leal\"""",""alcance"":true},{""materiales"":""Electo \""Aquí somos leales\"""",""alcance"":true}]","[{""material"":""Poster 1"",""pop"":false}]","[{""producto"":""Iberia 1kg"",""periodoNegociado"":""1 semana"",""pop"":false}]",,,
"66366f65703db1cbbf43953a","COO-01","2024-05-04T11:10:53-06:00","2024-05-04T11:24:51-06:00","IZT-0128","N/A",true,true,"SOLICITA EL CLIENTE REVISAR LAS ENTREGAS POR PARTE DEL DISTRIBUIDOR","LA VILLITA TIENE DEMOS ","{""nombre"":""CHIPILO"",""productos"":{""gramos"":90,""precio"":10,""hasPromo"":true,""precioConPromo"":8,""precioConPromoReason"":""Mayor gramaje"",""pop"":true}}","[{""promo"":""6 cajas por pallete en 90g"",""implementada"":true},{""promo"":""6 cajas por pallete en 225g"",""implementada"":false},{""promo"":""3 cajas por pallete en 1Kg"",""implementada"":true}]","[{""materiales"":""Stopper \""Hazlo con\"""",""alcance"":false},{""materiales"":""Display \""Es chido ser Leal\"""",""alcance"":true},{""materiales"":""Electo \""Aquí somos leales\"""",""alcance"":true}]","[{""material"":""Letrero plumón"",""pop"":true}]","[{""producto"":""Iberia 90g"",""periodoNegociado"":""1 semana"",""pop"":true},{""periodoNegociado"":""3 semanas"",""pop"":false,""producto"":""Iberia 1kg""}]","DIST. MARGA","{""producto"":""Iberia 90g"",""cajas"":100,""promocion"":false,""puntos"":1800,""objetivo"":180}",
"66366f65703db1cbbf43953a","COO-01","2024-05-04T11:10:53-06:00","2024-05-04T11:24:51-06:00","IZT-0128","N/A",true,true,"SOLICITA EL CLIENTE REVISAR LAS ENTREGAS POR PARTE DEL DISTRIBUIDOR","LA VILLITA TIENE DEMOS ","{""nombre"":""CHIPILO"",""productos"":{""gramos"":90,""precio"":10,""hasPromo"":true,""precioConPromo"":8,""precioConPromoReason"":""Mayor gramaje"",""pop"":true}}","[{""promo"":""6 cajas por pallete en 90g"",""implementada"":true},{""promo"":""6 cajas por pallete en 225g"",""implementada"":false},{""promo"":""3 cajas por pallete en 1Kg"",""implementada"":true}]","[{""materiales"":""Stopper \""Hazlo con\"""",""alcance"":false},{""materiales"":""Display \""Es chido ser Leal\"""",""alcance"":true},{""materiales"":""Electo \""Aquí somos leales\"""",""alcance"":true}]","[{""material"":""Letrero plumón"",""pop"":true}]","[{""producto"":""Iberia 90g"",""periodoNegociado"":""1 semana"",""pop"":true},{""periodoNegociado"":""3 semanas"",""pop"":false,""producto"":""Iberia 1kg""}]","DIST. MARGA","{""producto"":""Iberia 225g"",""cajas"":400,""promocion"":false,""puntos"":500,""objetivo"":50}",
"66366f65703db1cbbf43953a","COO-01","2024-05-04T11:10:53-06:00","2024-05-04T11:24:51-06:00","IZT-0128","N/A",true,true,"SOLICITA EL CLIENTE REVISAR LAS ENTREGAS POR PARTE DEL DISTRIBUIDOR","LA VILLITA TIENE DEMOS ","{""nombre"":""CHIPILO"",""productos"":{""gramos"":90,""precio"":10,""hasPromo"":true,""precioConPromo"":8,""precioConPromoReason"":""Mayor gramaje"",""pop"":true}}","[{""promo"":""6 cajas por pallete en 90g"",""implementada"":true},{""promo"":""6 cajas por pallete en 225g"",""implementada"":false},{""promo"":""3 cajas por pallete en 1Kg"",""implementada"":true}]","[{""materiales"":""Stopper \""Hazlo con\"""",""alcance"":false},{""materiales"":""Display \""Es chido ser Leal\"""",""alcance"":true},{""materiales"":""Electo \""Aquí somos leales\"""",""alcance"":true}]","[{""material"":""Letrero plumón"",""pop"":true}]","[{""producto"":""Iberia 90g"",""periodoNegociado"":""1 semana"",""pop"":true},{""periodoNegociado"":""3 semanas"",""pop"":false,""producto"":""Iberia 1kg""}]","DIST. MARGA","{""producto"":""Iberia 1Kg"",""cajas"":112,""promocion"":true,""puntos"":1000,""objetivo"":100}",
"66366f65703db1cbbf43953a","COO-01","2024-05-04T11:10:53-06:00","2024-05-04T11:24:51-06:00","IZT-0128","N/A",true,true,"SOLICITA EL CLIENTE REVISAR LAS ENTREGAS POR PARTE DEL DISTRIBUIDOR","LA VILLITA TIENE DEMOS ","{""nombre"":""CHIPILO"",""productos"":{""gramos"":1000,""precio"":56,""hasPromo"":false,""pop"":false}}","[{""promo"":""6 cajas por pallete en 90g"",""implementada"":true},{""promo"":""6 cajas por pallete en 225g"",""implementada"":false},{""promo"":""3 cajas por pallete en 1Kg"",""implementada"":true}]","[{""materiales"":""Stopper \""Hazlo con\"""",""alcance"":false},{""materiales"":""Display \""Es chido ser Leal\"""",""alcance"":true},{""materiales"":""Electo \""Aquí somos leales\"""",""alcance"":true}]","[{""material"":""Letrero plumón"",""pop"":true}]","[{""producto"":""Iberia 90g"",""periodoNegociado"":""1 semana"",""pop"":true},{""periodoNegociado"":""3 semanas"",""pop"":false,""producto"":""Iberia 1kg""}]","DIST. MARGA","{""producto"":""Iberia 90g"",""cajas"":100,""promocion"":false,""puntos"":1800,""objetivo"":180}",
"66366f65703db1cbbf43953a","COO-01","2024-05-04T11:10:53-06:00","2024-05-04T11:24:51-06:00","IZT-0128","N/A",true,true,"SOLICITA EL CLIENTE REVISAR LAS ENTREGAS POR PARTE DEL DISTRIBUIDOR","LA VILLITA TIENE DEMOS ","{""nombre"":""CHIPILO"",""productos"":{""gramos"":1000,""precio"":56,""hasPromo"":false,""pop"":false}}","[{""promo"":""6 cajas por pallete en 90g"",""implementada"":true},{""promo"":""6 cajas por pallete en 225g"",""implementada"":false},{""promo"":""3 cajas por pallete en 1Kg"",""implementada"":true}]","[{""materiales"":""Stopper \""Hazlo con\"""",""alcance"":false},{""materiales"":""Display \""Es chido ser Leal\"""",""alcance"":true},{""materiales"":""Electo \""Aquí somos leales\"""",""alcance"":true}]","[{""material"":""Letrero plumón"",""pop"":true}]","[{""producto"":""Iberia 90g"",""periodoNegociado"":""1 semana"",""pop"":true},{""periodoNegociado"":""3 semanas"",""pop"":false,""producto"":""Iberia 1kg""}]","DIST. MARGA","{""producto"":""Iberia 225g"",""cajas"":400,""promocion"":false,""puntos"":500,""objetivo"":50}",
"66366f65703db1cbbf43953a","COO-01","2024-05-04T11:10:53-06:00","2024-05-04T11:24:51-06:00","IZT-0128","N/A",true,true,"SOLICITA EL CLIENTE REVISAR LAS ENTREGAS POR PARTE DEL DISTRIBUIDOR","LA VILLITA TIENE DEMOS ","{""nombre"":""CHIPILO"",""productos"":{""gramos"":1000,""precio"":56,""hasPromo"":false,""pop"":false}}","[{""promo"":""6 cajas por pallete en 90g"",""implementada"":true},{""promo"":""6 cajas por pallete en 225g"",""implementada"":false},{""promo"":""3 cajas por pallete en 1Kg"",""implementada"":true}]","[{""materiales"":""Stopper \""Hazlo con\"""",""alcance"":false},{""materiales"":""Display \""Es chido ser Leal\"""",""alcance"":true},{""materiales"":""Electo \""Aquí somos leales\"""",""alcance"":true}]","[{""material"":""Letrero plumón"",""pop"":true}]","[{""producto"":""Iberia 90g"",""periodoNegociado"":""1 semana"",""pop"":true},{""periodoNegociado"":""3 semanas"",""pop"":false,""producto"":""Iberia 1kg""}]","DIST. MARGA","{""producto"":""Iberia 1Kg"",""cajas"":112,""promocion"":true,""puntos"":1000,""objetivo"":100}",
"66366f65703db1cbbf43953a","COO-01","2024-05-04T11:10:53-06:00","2024-05-04T11:24:51-06:00","IZT-0128","N/A",true,true,"SOLICITA EL CLIENTE REVISAR LAS ENTREGAS POR PARTE DEL DISTRIBUIDOR","LA VILLITA TIENE DEMOS ","{""nombre"":""LA VILLITA"",""productos"":{""gramos"":90,""precio"":9,""hasPromo"":true,""pop"":false,""precioConPromo"":7,""precioConPromoReason"":""Mayor gramaje""}}","[{""promo"":""6 cajas por pallete en 90g"",""implementada"":true},{""promo"":""6 cajas por pallete en 225g"",""implementada"":false},{""promo"":""3 cajas por pallete en 1Kg"",""implementada"":true}]","[{""materiales"":""Stopper \""Hazlo con\"""",""alcance"":false},{""materiales"":""Display \""Es chido ser Leal\"""",""alcance"":true},{""materiales"":""Electo \""Aquí somos leales\"""",""alcance"":true}]","[{""material"":""Letrero plumón"",""pop"":true}]","[{""producto"":""Iberia 90g"",""periodoNegociado"":""1 semana"",""pop"":true},{""periodoNegociado"":""3 semanas"",""pop"":false,""producto"":""Iberia 1kg""}]","DIST. MARGA","{""producto"":""Iberia 90g"",""cajas"":100,""promocion"":false,""puntos"":1800,""objetivo"":180}",
"66366f65703db1cbbf43953a","COO-01","2024-05-04T11:10:53-06:00","2024-05-04T11:24:51-06:00","IZT-0128","N/A",true,true,"SOLICITA EL CLIENTE REVISAR LAS ENTREGAS POR PARTE DEL DISTRIBUIDOR","LA VILLITA TIENE DEMOS ","{""nombre"":""LA VILLITA"",""productos"":{""gramos"":90,""precio"":9,""hasPromo"":true,""pop"":false,""precioConPromo"":7,""precioConPromoReason"":""Mayor gramaje""}}","[{""promo"":""6 cajas por pallete en 90g"",""implementada"":true},{""promo"":""6 cajas por pallete en 225g"",""implementada"":false},{""promo"":""3 cajas por pallete en 1Kg"",""implementada"":true}]","[{""materiales"":""Stopper \""Hazlo con\"""",""alcance"":false},{""materiales"":""Display \""Es chido ser Leal\"""",""alcance"":true},{""materiales"":""Electo \""Aquí somos leales\"""",""alcance"":true}]","[{""material"":""Letrero plumón"",""pop"":true}]","[{""producto"":""Iberia 90g"",""periodoNegociado"":""1 semana"",""pop"":true},{""periodoNegociado"":""3 semanas"",""pop"":false,""producto"":""Iberia 1kg""}]","DIST. MARGA","{""producto"":""Iberia 225g"",""cajas"":400,""promocion"":false,""puntos"":500,""objetivo"":50}",
"66366f65703db1cbbf43953a","COO-01","2024-05-04T11:10:53-06:00","2024-05-04T11:24:51-06:00","IZT-0128","N/A",true,true,"SOLICITA EL CLIENTE REVISAR LAS ENTREGAS POR PARTE DEL DISTRIBUIDOR","LA VILLITA TIENE DEMOS ","{""nombre"":""LA VILLITA"",""productos"":{""gramos"":90,""precio"":9,""hasPromo"":true,""pop"":false,""precioConPromo"":7,""precioConPromoReason"":""Mayor gramaje""}}","[{""promo"":""6 cajas por pallete en 90g"",""implementada"":true},{""promo"":""6 cajas por pallete en 225g"",""implementada"":false},{""promo"":""3 cajas por pallete en 1Kg"",""implementada"":true}]","[{""materiales"":""Stopper \""Hazlo con\"""",""alcance"":false},{""materiales"":""Display \""Es chido ser Leal\"""",""alcance"":true},{""materiales"":""Electo \""Aquí somos leales\"""",""alcance"":true}]","[{""material"":""Letrero plumón"",""pop"":true}]","[{""producto"":""Iberia 90g"",""periodoNegociado"":""1 semana"",""pop"":true},{""periodoNegociado"":""3 semanas"",""pop"":false,""producto"":""Iberia 1kg""}]","DIST. MARGA","{""producto"":""Iberia 1Kg"",""cajas"":112,""promocion"":true,""puntos"":1000,""objetivo"":100}",
"66367140703db1cbbf43953c","PRO-03","2024-05-04T11:25:19-06:00","2024-05-04T11:32:44-06:00","ECA-0107","Regalo de cajas  de 90 g por parte de rancho ",true,false,"Revisar cajas dañadas"," Falta de material pop","{""nombre"":""GLORIA"",""productos"":{""gramos"":90,""precio"":8,""hasPromo"":true,""precioConPromo"":5,""precioConPromoReason"":""Regalo en compra"",""pop"":true}}","[{""promo"":""6 cajas por pallete en 90g"",""implementada"":false},{""promo"":""6 cajas por pallete en 225g"",""implementada"":false},{""promo"":""3 cajas por pallete en 1Kg"",""implementada"":true}]","[{""materiales"":""Stopper \""Hazlo con\"""",""alcance"":true},{""materiales"":""Display \""Es chido ser Leal\"""",""alcance"":true},{""materiales"":""Electo \""Aquí somos leales\"""",""alcance"":true}]","[{""material"":""Poster 1"",""pop"":true}]","[{""producto"":""Iberia 90g"",""periodoNegociado"":""1 semana"",""pop"":false}]",,,
"66367140703db1cbbf43953c","PRO-03","2024-05-04T11:25:19-06:00","2024-05-04T11:32:44-06:00","ECA-0107","Regalo de cajas  de 90 g por parte de rancho ",true,false,"Revisar cajas dañadas"," Falta de material pop","{""nombre"":""DEL RANCHO"",""productos"":{""gramos"":90,""precio"":10,""hasPromo"":false,""pop"":false}}","[{""promo"":""6 cajas por pallete en 90g"",""implementada"":false},{""promo"":""6 cajas por pallete en 225g"",""implementada"":false},{""promo"":""3 cajas por pallete en 1Kg"",""implementada"":true}]","[{""materiales"":""Stopper \""Hazlo con\"""",""alcance"":true},{""materiales"":""Display \""Es chido ser Leal\"""",""alcance"":true},{""materiales"":""Electo \""Aquí somos leales\"""",""alcance"":true}]","[{""material"":""Poster 1"",""pop"":true}]","[{""producto"":""Iberia 90g"",""periodoNegociado"":""1 semana"",""pop"":false}]",,,
"6636717e703db1cbbf43953e","PRO-02","2024-05-04T11:13:11-06:00","2024-05-04T11:33:48-06:00","MER-0119","Están dando una palita",true,true,"Checar cajas maltratadas ","Chipilo tiene demo de promoción ","{""nombre"":""LA VILLITA"",""productos"":{""gramos"":1000,""precio"":57,""hasPromo"":false}}","[{""promo"":""6 cajas por pallete en 90g"",""implementada"":false},{""promo"":""6 cajas por pallete en 225g"",""implementada"":false},{""promo"":""3 cajas por pallete en 1Kg"",""implementada"":true}]","[{""materiales"":""Stopper \""Hazlo con\"""",""alcance"":false},{""materiales"":""Display \""Es chido ser Leal\"""",""alcance"":false},{""materiales"":""Electo \""Aquí somos leales\"""",""alcance"":true}]","[{""material"":""Poster 1"",""pop"":false}]","[{""producto"":""Iberia 90g"",""periodoNegociado"":""1 semana"",""pop"":true}]","ABIGAIL (LA NUEVA)","{""producto"":""Iberia 90g"",""cajas"":100,""promocion"":false,""puntos"":1800,""objetivo"":180}",
"6636717e703db1cbbf43953e","PRO-02","2024-05-04T11:13:11-06:00","2024-05-04T11:33:48-06:00","MER-0119","Están dando una palita",true,true,"Checar cajas maltratadas ","Chipilo tiene demo de promoción ","{""nombre"":""LA VILLITA"",""productos"":{""gramos"":1000,""precio"":57,""hasPromo"":false}}","[{""promo"":""6 cajas por pallete en 90g"",""implementada"":false},{""promo"":""6 cajas por pallete en 225g"",""implementada"":false},{""promo"":""3 cajas por pallete en 1Kg"",""implementada"":true}]","[{""materiales"":""Stopper \""Hazlo con\"""",""alcance"":false},{""materiales"":""Display \""Es chido ser Leal\"""",""alcance"":false},{""materiales"":""Electo \""Aquí somos leales\"""",""alcance"":true}]","[{""material"":""Poster 1"",""pop"":false}]","[{""producto"":""Iberia 90g"",""periodoNegociado"":""1 semana"",""pop"":true}]","ABIGAIL (LA NUEVA)","{""producto"":""Iberia 225g"",""cajas"":100,""promocion"":false,""puntos"":500,""objetivo"":50}",
"6636717e703db1cbbf43953e","PRO-02","2024-05-04T11:13:11-06:00","2024-05-04T11:33:48-06:00","MER-0119","Están dando una palita",true,true,"Checar cajas maltratadas ","Chipilo tiene demo de promoción ","{""nombre"":""LA VILLITA"",""productos"":{""gramos"":1000,""precio"":57,""hasPromo"":false}}","[{""promo"":""6 cajas por pallete en 90g"",""implementada"":false},{""promo"":""6 cajas por pallete en 225g"",""implementada"":false},{""promo"":""3 cajas por pallete en 1Kg"",""implementada"":true}]","[{""materiales"":""Stopper \""Hazlo con\"""",""alcance"":false},{""materiales"":""Display \""Es chido ser Leal\"""",""alcance"":false},{""materiales"":""Electo \""Aquí somos leales\"""",""alcance"":true}]","[{""material"":""Poster 1"",""pop"":false}]","[{""producto"":""Iberia 90g"",""periodoNegociado"":""1 semana"",""pop"":true}]","ABIGAIL (LA NUEVA)","{""producto"":""Primavera 360g"",""cajas"":20,""promocion"":false,""puntos"":150,""objetivo"":35}",
"6638f3c0eee20c17de546ca0","PRO-02","2024-05-06T08:34:12-06:00","2024-05-06T09:14:05-06:00","MER-0119","Se vende muy poco",true,false,"Va a pedir en la tarde ","Más labor de venta","{""nombre"":""CHILCHOTA"",""productos"":{""gramos"":1000,""precio"":57,""hasPromo"":false}}","[{""promo"":""6 cajas por pallete en 90g"",""implementada"":false},{""promo"":""6 cajas por pallete en 225g"",""implementada"":false},{""promo"":""3 cajas por pallete en 1Kg"",""implementada"":true}]","[{""materiales"":""Stopper \""Hazlo con\"""",""alcance"":true},{""materiales"":""Display \""Es chido ser Leal\"""",""alcance"":true},{""materiales"":""Electo \""Aquí somos leales\"""",""alcance"":true}]","[{""material"":""Poster 1"",""pop"":false}]","[{""producto"":""Iberia 1kg"",""periodoNegociado"":""3 semanas"",""pop"":false}]",,,"Tiene muy poco espacio "
"6638f94a9447b0331cf963f3","PRO-02","2024-05-06T09:33:17-06:00","2024-05-06T09:37:44-06:00","MER-0112","Se desplasa muy lento",true,false,"Tienen en bodega","Poca venta más labor de venta","{""nombre"":""LA VILLITA"",""productos"":{""gramos"":1000,""precio"":57,""hasPromo"":false}}","[{""promo"":""6 cajas por pallete en 90g"",""implementada"":false},{""promo"":""6 cajas por pallete en 225g"",""implementada"":false},{""promo"":""3 cajas por pallete en 1Kg"",""implementada"":true}]","[{""materiales"":""Stopper \""Hazlo con\"""",""alcance"":true},{""materiales"":""Display \""Es chido ser Leal\"""",""alcance"":true},{""materiales"":""Electo \""Aquí somos leales\"""",""alcance"":true}]","[{""material"":""Poster 1"",""pop"":false}]","[{""producto"":""Iberia 225g"",""periodoNegociado"":""3 semanas"",""pop"":false}]",,,"Tienen en bodega"
"663900bf2a338f970b072c18","PRO-02","2024-05-06T09:53:32-06:00","2024-05-06T10:09:33-06:00","MER-0120","Se desplasa muy poco",false,false,"No vendió el fin de cemana","Más labor venta para incrementar la venta ","{""nombre"":""LA VILLITA"",""productos"":{""gramos"":1000,""precio"":57,""hasPromo"":false}}","[{""promo"":""6 cajas por pallete en 90g"",""implementada"":false},{""promo"":""6 cajas por pallete en 225g"",""implementada"":false},{""promo"":""3 cajas por pallete en 1Kg"",""implementada"":true}]","[{""materiales"":""Stopper \""Hazlo con\"""",""alcance"":true},{""materiales"":""Display \""Es chido ser Leal\"""",""alcance"":true},{""materiales"":""Electo \""Aquí somos leales\"""",""alcance"":true}]","[{""material"":""Poster 1"",""pop"":false}]","[{""producto"":""Iberia 90g"",""periodoNegociado"":""1 semana"",""pop"":false}]",,,"No vendió mucho el fin de cemana"
"66390b0d9de7a59030f2717c","PRO-03","2024-05-06T10:44:04-06:00","2024-05-06T10:53:30-06:00","ECA-0111","   Margarina danés 46 p de 1 k ",true,false,"  ","No aplica  no contamos con material aún ","{""nombre"":""DEL RANCHO"",""productos"":{""gramos"":1000,""precio"":46,""hasPromo"":false}}","[{""promo"":""6 cajas por pallete en 90g"",""implementada"":false},{""promo"":""6 cajas por pallete en 225g"",""implementada"":false},{""promo"":""3 cajas por pallete en 1Kg"",""implementada"":false}]","[{""materiales"":""Stopper \""Hazlo con\"""",""alcance"":true},{""materiales"":""Display \""Es chido ser Leal\"""",""alcance"":true},{""materiales"":""Electo \""Aquí somos leales\"""",""alcance"":true}]","[{""material"":""Poster 1"",""pop"":false}]","[{""producto"":""Iberia 225g"",""periodoNegociado"":""1 semana"",""pop"":false}]",,," Hace pedido el día de mañana "
"66390d2f9de7a59030f2717e","PRO-01","2024-05-06T10:54:48-06:00","2024-05-06T11:02:27-06:00","IZT-0119","Esta vicible el producto y la de 225 gr solo la venden x caja ",true,false,"Es un cliente al cual le visito x lo regular del diario pero aun cuenta con producto ","No cuenta con producto a la vista ","{""nombre"":""CHIPILO"",""productos"":{""gramos"":1000,""precio"":160,""hasPromo"":false}}","[{""promo"":""6 cajas por pallete en 90g"",""implementada"":false},{""promo"":""6 cajas por pallete en 225g"",""implementada"":false},{""promo"":""3 cajas por pallete en 1Kg"",""implementada"":true}]","[{""materiales"":""Stopper \""Hazlo con\"""",""alcance"":false},{""materiales"":""Display \""Es chido ser Leal\"""",""alcance"":false},{""materiales"":""Electo \""Aquí somos leales\"""",""alcance"":false}]","[{""material"":""Letrero plumón"",""pop"":false}]","[]",,,"Aun tiene producto "
"66390d2f9de7a59030f2717e","PRO-01","2024-05-06T10:54:48-06:00","2024-05-06T11:02:27-06:00","IZT-0119","Esta vicible el producto y la de 225 gr solo la venden x caja ",true,false,"Es un cliente al cual le visito x lo regular del diario pero aun cuenta con producto ","No cuenta con producto a la vista ","{""nombre"":""CHIPILO"",""productos"":{""gramos"":225,""precio"":300,""hasPromo"":false,""pop"":false}}","[{""promo"":""6 cajas por pallete en 90g"",""implementada"":false},{""promo"":""6 cajas por pallete en 225g"",""implementada"":false},{""promo"":""3 cajas por pallete en 1Kg"",""implementada"":true}]","[{""materiales"":""Stopper \""Hazlo con\"""",""alcance"":false},{""materiales"":""Display \""Es chido ser Leal\"""",""alcance"":false},{""materiales"":""Electo \""Aquí somos leales\"""",""alcance"":false}]","[{""material"":""Letrero plumón"",""pop"":false}]","[]",,,"Aun tiene producto "
"66390d699de7a59030f27180","PRO-01","2024-05-06T10:54:48-06:00","2024-05-06T11:03:35-06:00","IZT-0119","Esta vicible el producto y la de 225 gr solo la venden x caja ",true,false,"Es un cliente al cual le visito x lo regular del diario pero aun cuenta con producto ","No cuenta con producto a la vista ","{""nombre"":""CHIPILO"",""productos"":{""gramos"":1000,""precio"":160,""hasPromo"":false}}","[{""promo"":""6 cajas por pallete en 90g"",""implementada"":false},{""promo"":""6 cajas por pallete en 225g"",""implementada"":false},{""promo"":""3 cajas por pallete en 1Kg"",""implementada"":true}]","[{""materiales"":""Stopper \""Hazlo con\"""",""alcance"":false},{""materiales"":""Display \""Es chido ser Leal\"""",""alcance"":false},{""materiales"":""Electo \""Aquí somos leales\"""",""alcance"":false}]","[{""material"":""Letrero plumón"",""pop"":false}]","[]",,,"Aun tiene producto "
"66390d699de7a59030f27180","PRO-01","2024-05-06T10:54:48-06:00","2024-05-06T11:03:35-06:00","IZT-0119","Esta vicible el producto y la de 225 gr solo la venden x caja ",true,false,"Es un cliente al cual le visito x lo regular del diario pero aun cuenta con producto ","No cuenta con producto a la vista ","{""nombre"":""CHIPILO"",""productos"":{""gramos"":225,""precio"":300,""hasPromo"":false,""pop"":false}}","[{""promo"":""6 cajas por pallete en 90g"",""implementada"":false},{""promo"":""6 cajas por pallete en 225g"",""implementada"":false},{""promo"":""3 cajas por pallete en 1Kg"",""implementada"":true}]","[{""materiales"":""Stopper \""Hazlo con\"""",""alcance"":false},{""materiales"":""Display \""Es chido ser Leal\"""",""alcance"":false},{""materiales"":""Electo \""Aquí somos leales\"""",""alcance"":false}]","[{""material"":""Letrero plumón"",""pop"":false}]","[]",,,"Aun tiene producto "
"663912839de7a59030f27182","PRO-01","2024-05-06T11:07:55-06:00","2024-05-06T11:25:21-06:00","IZT-0120","Si cuanta con producto exhibido de Iberia al igual Qe las marcas Qe estoy mandando el informe ",false,false,"De Iberia si compra cantidades grandes porke es un producto Qe se mueve más ","Se porto muy accesible el cliente al dejarme exhibir los de Iberia en sus diferentes precentaciones ","{""nombre"":""GLORIA"",""productos"":{""gramos"":90,""precio"":26,""hasPromo"":false}}","[{""promo"":""6 cajas por pallete en 90g"",""implementada"":false},{""promo"":""6 cajas por pallete en 225g"",""implementada"":false},{""promo"":""3 cajas por pallete en 1Kg"",""implementada"":true}]","[{""materiales"":""Stopper \""Hazlo con\"""",""alcance"":false},{""materiales"":""Display \""Es chido ser Leal\"""",""alcance"":false},{""materiales"":""Electo \""Aquí somos leales\"""",""alcance"":false}]","[{""material"":""Letrero plumón"",""pop"":false}]","[{""producto"":""Iberia 90g"",""periodoNegociado"":""3 semanas"",""pop"":false},{""periodoNegociado"":""3 semanas"",""pop"":false,""producto"":""Iberia 225g""},{""periodoNegociado"":""3 semanas"",""pop"":false,""producto"":""Iberia 1kg""}]",,,"X el momento esta completo y comenta Qe la venta es baja "
"663912839de7a59030f27182","PRO-01","2024-05-06T11:07:55-06:00","2024-05-06T11:25:21-06:00","IZT-0120","Si cuanta con producto exhibido de Iberia al igual Qe las marcas Qe estoy mandando el informe ",false,false,"De Iberia si compra cantidades grandes porke es un producto Qe se mueve más ","Se porto muy accesible el cliente al dejarme exhibir los de Iberia en sus diferentes precentaciones ","{""nombre"":""GLORIA"",""productos"":{""gramos"":225,""precio"":49,""hasPromo"":false,""pop"":false}}","[{""promo"":""6 cajas por pallete en 90g"",""implementada"":false},{""promo"":""6 cajas por pallete en 225g"",""implementada"":false},{""promo"":""3 cajas por pallete en 1Kg"",""implementada"":true}]","[{""materiales"":""Stopper \""Hazlo con\"""",""alcance"":false},{""materiales"":""Display \""Es chido ser Leal\"""",""alcance"":false},{""materiales"":""Electo \""Aquí somos leales\"""",""alcance"":false}]","[{""material"":""Letrero plumón"",""pop"":false}]","[{""producto"":""Iberia 90g"",""periodoNegociado"":""3 semanas"",""pop"":false},{""periodoNegociado"":""3 semanas"",""pop"":false,""producto"":""Iberia 225g""},{""periodoNegociado"":""3 semanas"",""pop"":false,""producto"":""Iberia 1kg""}]",,,"X el momento esta completo y comenta Qe la venta es baja "
"663915acb0da02802ba807a3","PRO-01","2024-05-06T11:27:40-06:00","2024-05-06T11:38:49-06:00","IZT-0122","La marca cuenta con demostradora ",true,false,"A pesar de tener demostradora la marca de chipilo El producto de Iberia es visible en el mostrador 
","Buena visibilidad de los productos de Iberia ","{""nombre"":""CHIPILO"",""productos"":{""gramos"":90,""precio"":12,""hasPromo"":true,""precioConPromo"":313,""precioConPromoReason"":""Participa"",""pop"":true}}","[{""promo"":""6 cajas por pallete en 90g"",""implementada"":false},{""promo"":""6 cajas por pallete en 225g"",""implementada"":false},{""promo"":""3 cajas por pallete en 1Kg"",""implementada"":false}]","[{""materiales"":""Stopper \""Hazlo con\"""",""alcance"":false},{""materiales"":""Display \""Es chido ser Leal\"""",""alcance"":false},{""materiales"":""Electo \""Aquí somos leales\"""",""alcance"":false}]","[{""material"":""Letrero plumón"",""pop"":false}]","[]",,,"Porke su distribuidora es HM"
"663915acb0da02802ba807a3","PRO-01","2024-05-06T11:27:40-06:00","2024-05-06T11:38:49-06:00","IZT-0122","La marca cuenta con demostradora ",true,false,"A pesar de tener demostradora la marca de chipilo El producto de Iberia es visible en el mostrador 
","Buena visibilidad de los productos de Iberia ","{""nombre"":""CHIPILO"",""productos"":{""gramos"":225,""precio"":35,""hasPromo"":true,""pop"":true,""precioConPromo"":309,""precioConPromoReason"":""Participa""}}","[{""promo"":""6 cajas por pallete en 90g"",""implementada"":false},{""promo"":""6 cajas por pallete en 225g"",""implementada"":false},{""promo"":""3 cajas por pallete en 1Kg"",""implementada"":false}]","[{""materiales"":""Stopper \""Hazlo con\"""",""alcance"":false},{""materiales"":""Display \""Es chido ser Leal\"""",""alcance"":false},{""materiales"":""Electo \""Aquí somos leales\"""",""alcance"":false}]","[{""material"":""Letrero plumón"",""pop"":false}]","[]",,,"Porke su distribuidora es HM"
"6639196f0b5f952b3689232e","PRO-01","2024-05-06T11:51:09-06:00","2024-05-06T11:54:52-06:00","IZT-0123","Es pura marca de Chilchota y no manejan otros productos Qe no sean de la marca ",false,false,"Manejan puros productos de marca Chilchota ","No tienen ya nada de Iberia porke son esclisivos de Chilchota ","{""nombre"":""CHILCHOTA"",""productos"":{""gramos"":90,""precio"":13,""hasPromo"":false}}","[{""promo"":""6 cajas por pallete en 90g"",""implementada"":false},{""promo"":""6 cajas por pallete en 225g"",""implementada"":false},{""promo"":""3 cajas por pallete en 1Kg"",""implementada"":false}]","[{""materiales"":""Stopper \""Hazlo con\"""",""alcance"":false},{""materiales"":""Display \""Es chido ser Leal\"""",""alcance"":false},{""materiales"":""Electo \""Aquí somos leales\"""",""alcance"":false}]","[]","[]",,,"Porke no compran productos de otra marca maske Chilchota"
"6639196f0b5f952b3689232e","PRO-01","2024-05-06T11:51:09-06:00","2024-05-06T11:54:52-06:00","IZT-0123","Es pura marca de Chilchota y no manejan otros productos Qe no sean de la marca ",false,false,"Manejan puros productos de marca Chilchota ","No tienen ya nada de Iberia porke son esclisivos de Chilchota ","{""nombre"":""CHILCHOTA"",""productos"":{""gramos"":225,""precio"":250,""hasPromo"":false,""pop"":false}}","[{""promo"":""6 cajas por pallete en 90g"",""implementada"":false},{""promo"":""6 cajas por pallete en 225g"",""implementada"":false},{""promo"":""3 cajas por pallete en 1Kg"",""implementada"":false}]","[{""materiales"":""Stopper \""Hazlo con\"""",""alcance"":false},{""materiales"":""Display \""Es chido ser Leal\"""",""alcance"":false},{""materiales"":""Electo \""Aquí somos leales\"""",""alcance"":false}]","[]","[]",,,"Porke no compran productos de otra marca maske Chilchota"
"66391ab20b5f952b36892330","PRO-01","2024-05-06T11:55:24-06:00","2024-05-06T12:00:15-06:00","IZT-0124","Cuenta con producto de Iberia exhibido ",false,false,"Comenta Qe la venta es baja ero de cualquier manera en cuanto aga falta estará pidiendo producto ","Producto muy visible para el consumidor ","{""nombre"":""CHILCHOTA"",""productos"":{""gramos"":1000,""precio"":130,""hasPromo"":false}}","[{""promo"":""6 cajas por pallete en 90g"",""implementada"":false},{""promo"":""6 cajas por pallete en 225g"",""implementada"":false},{""promo"":""3 cajas por pallete en 1Kg"",""implementada"":false}]","[{""materiales"":""Stopper \""Hazlo con\"""",""alcance"":false},{""materiales"":""Display \""Es chido ser Leal\"""",""alcance"":false},{""materiales"":""Electo \""Aquí somos leales\"""",""alcance"":false}]","[{""material"":""Letrero plumón"",""pop"":false}]","[]",,,"Porke aun tiene producto "
"66391d269601719f2311a305","PRO-01","2024-05-06T12:02:00-06:00","2024-05-06T12:10:32-06:00","IZT-0125","No tienen a la vista marcas competidoras ",true,false,"El encargado comenta Qe reorganizara su inventario y el día de mañana estaría haciendo su pedido ","Buena visibilidad de los productos de Iberia ","{""nombre"":""CHILCHOTA"",""productos"":{""gramos"":1000,""precio"":135,""hasPromo"":false}}","[{""promo"":""6 cajas por pallete en 90g"",""implementada"":false},{""promo"":""6 cajas por pallete en 225g"",""implementada"":false},{""promo"":""3 cajas por pallete en 1Kg"",""implementada"":false}]","[{""materiales"":""Stopper \""Hazlo con\"""",""alcance"":false},{""materiales"":""Display \""Es chido ser Leal\"""",""alcance"":false},{""materiales"":""Electo \""Aquí somos leales\"""",""alcance"":false}]","[{""material"":""Letrero plumón"",""pop"":false}]","[]",,,"Producto en existencia "
"66391fb89601719f2311a307","PRO-02","2024-05-06T12:18:23-06:00","2024-05-06T12:21:42-06:00","MER-0107","No tienen mucha venta ",true,false,"No a tenido mucha venta ","Hacer más labor de venta","{""nombre"":""CHILCHOTA"",""productos"":{""gramos"":1000,""precio"":57,""hasPromo"":false}}","[{""promo"":""6 cajas por pallete en 90g"",""implementada"":false},{""promo"":""6 cajas por pallete en 225g"",""implementada"":false},{""promo"":""3 cajas por pallete en 1Kg"",""implementada"":true}]","[{""materiales"":""Stopper \""Hazlo con\"""",""alcance"":true},{""materiales"":""Display \""Es chido ser Leal\"""",""alcance"":true},{""materiales"":""Electo \""Aquí somos leales\"""",""alcance"":true}]","[{""material"":""Poster 1"",""pop"":false}]","[{""producto"":""Iberia 90g"",""periodoNegociado"":""1 semana"",""pop"":false}]",,,"Tiene en bodega "
"6639268cd0e61991b4a95104","PRO-02","2024-05-06T12:41:26-06:00","2024-05-06T12:50:50-06:00","MER-0102","No sé vende mucho ",true,false,"Vende poko","Más labor de venta","{""nombre"":""LA VILLITA"",""productos"":{""gramos"":1000,""precio"":57,""hasPromo"":false}}","[{""promo"":""6 cajas por pallete en 90g"",""implementada"":false},{""promo"":""6 cajas por pallete en 225g"",""implementada"":false},{""promo"":""3 cajas por pallete en 1Kg"",""implementada"":true}]","[{""materiales"":""Stopper \""Hazlo con\"""",""alcance"":true},{""materiales"":""Display \""Es chido ser Leal\"""",""alcance"":true},{""materiales"":""Electo \""Aquí somos leales\"""",""alcance"":true}]","[{""material"":""Poster 1"",""pop"":false}]","[{""producto"":""Iberia 90g"",""periodoNegociado"":""1 semana"",""pop"":false}]",,,"Tienen en bodega "
"66392ec302b0c09f771cba7d","PRO-02","2024-05-06T13:22:40-06:00","2024-05-06T13:25:53-06:00","MER-0113","No sé vende mucho ",true,false,"No la vende mucho ","Le falta más vista al producto ","{""nombre"":""LA VILLITA"",""productos"":{""gramos"":1000,""precio"":57,""hasPromo"":false}}","[{""promo"":""6 cajas por pallete en 90g"",""implementada"":false},{""promo"":""6 cajas por pallete en 225g"",""implementada"":false},{""promo"":""3 cajas por pallete en 1Kg"",""implementada"":true}]","[{""materiales"":""Stopper \""Hazlo con\"""",""alcance"":true},{""materiales"":""Display \""Es chido ser Leal\"""",""alcance"":true},{""materiales"":""Electo \""Aquí somos leales\"""",""alcance"":true}]","[{""material"":""Poster 1"",""pop"":false}]","[{""producto"":""Iberia 1kg"",""periodoNegociado"":""1 semana"",""pop"":false}]",,,"Tienen en bodega"
"6639411ce45b72a63cba05f4","PRO-01","2024-05-06T12:12:07-06:00","2024-05-06T14:44:07-06:00","IZT-0126","Los productos de Iberia se encuentra exhibidos ",false,false,"Y porke falta concretar la cita con el de compras para saber Qe es lo Qe se le dará de promocion al comprar un trailer de producto ","Solo esta en espera la. Cita para concretar el pedido Qe ara HM de un trailer y cerrar el evento del 10 de mayo ","{""nombre"":""DELICIA"",""productos"":{""gramos"":1000,""precio"":53,""hasPromo"":false}}","[{""promo"":""6 cajas por pallete en 90g"",""implementada"":false},{""promo"":""6 cajas por pallete en 225g"",""implementada"":false},{""promo"":""3 cajas por pallete en 1Kg"",""implementada"":false}]","[{""materiales"":""Stopper \""Hazlo con\"""",""alcance"":true},{""materiales"":""Display \""Es chido ser Leal\"""",""alcance"":true},{""materiales"":""Electo \""Aquí somos leales\"""",""alcance"":true}]","[{""material"":""Letrero plumón"",""pop"":false}]","[]",,,"Porke aun tiene producto "
"663a4855e0de079488d4bf4e","PRO-02","2024-05-07T09:11:53-06:00","2024-05-07T09:27:13-06:00","MER-0128","Esperando acceso ",true,false,"Segundo día para ver si hay acceso ","Que regrese alas 12 para una previa SITA ","{""nombre"":""CHILCHOTA"",""productos"":{""gramos"":1000,""precio"":57,""hasPromo"":false}}","[{""promo"":""6 cajas por pallete en 90g"",""implementada"":false},{""promo"":""6 cajas por pallete en 225g"",""implementada"":false},{""promo"":""3 cajas por pallete en 1Kg"",""implementada"":true}]","[{""materiales"":""Stopper \""Hazlo con\"""",""alcance"":true},{""materiales"":""Display \""Es chido ser Leal\"""",""alcance"":true},{""materiales"":""Electo \""Aquí somos leales\"""",""alcance"":true}]","[{""material"":""Poster 1"",""pop"":false}]","[{""producto"":""Iberia 90g"",""periodoNegociado"":""1 semana"",""pop"":false}]",,,"No hay ingreso "
"663a4c4bde7b69097de858ad","PRO-02","2024-05-07T09:29:10-06:00","2024-05-07T09:44:09-06:00","MER-0119","No tienen ventas ",true,false," Que pase un 30 minutos","Que siempre tenga vista ","{""nombre"":""CHILCHOTA"",""productos"":{""gramos"":1000,""precio"":57,""hasPromo"":false}}","[{""promo"":""6 cajas por pallete en 90g"",""implementada"":false},{""promo"":""6 cajas por pallete en 225g"",""implementada"":false},{""promo"":""3 cajas por pallete en 1Kg"",""implementada"":true}]","[{""materiales"":""Stopper \""Hazlo con\"""",""alcance"":true},{""materiales"":""Display \""Es chido ser Leal\"""",""alcance"":true},{""materiales"":""Electo \""Aquí somos leales\"""",""alcance"":true}]","[{""material"":""Poster 1"",""pop"":false}]","[{""producto"":""Iberia 1kg"",""periodoNegociado"":""1 semana"",""pop"":false}]",,,"Si está comprando "
"663a5b67786a7ff258cd1e03","PRO-02","2024-05-07T10:44:50-06:00","2024-05-07T10:48:37-06:00","MER-0112","No sé desplasa  mucho ",true,false,"No sé a desplasado se a detenido un poko la venta ","Paso a comprar la ecibision y darle vista","{""nombre"":""CHILCHOTA"",""productos"":{""gramos"":1000,""precio"":57,""hasPromo"":false}}","[{""promo"":""6 cajas por pallete en 90g"",""implementada"":false},{""promo"":""6 cajas por pallete en 225g"",""implementada"":false},{""promo"":""3 cajas por pallete en 1Kg"",""implementada"":true}]","[{""materiales"":""Stopper \""Hazlo con\"""",""alcance"":true},{""materiales"":""Display \""Es chido ser Leal\"""",""alcance"":true},{""materiales"":""Electo \""Aquí somos leales\"""",""alcance"":true}]","[{""material"":""Poster 1"",""pop"":false}]","[{""producto"":""Iberia 90g"",""periodoNegociado"":""2 semanas"",""pop"":false}]",,,"Tienen en bodega "
"663a5cfdc34c68b04cb78919","PRO-02","2024-05-07T10:49:15-06:00","2024-05-07T10:55:23-06:00","MER-0114","No sé desplasa bien",true,false,"Me comenta el encargado que está lenta la venta ","Que me dé una vuelta en la cemana aver si acen pedidos ","{""nombre"":""LA VILLITA"",""productos"":{""gramos"":1000,""precio"":57,""hasPromo"":false}}","[{""promo"":""6 cajas por pallete en 90g"",""implementada"":false},{""promo"":""6 cajas por pallete en 225g"",""implementada"":false},{""promo"":""3 cajas por pallete en 1Kg"",""implementada"":true}]","[{""materiales"":""Stopper \""Hazlo con\"""",""alcance"":true},{""materiales"":""Display \""Es chido ser Leal\"""",""alcance"":true},{""materiales"":""Electo \""Aquí somos leales\"""",""alcance"":true}]","[{""material"":""Poster 1"",""pop"":false}]","[{""producto"":""Iberia 90g"",""periodoNegociado"":""1 semana"",""pop"":false}]",,,"Tienen en bodega "
"663a648ff7eed89bfe4a72d4","PRO-02","2024-05-07T11:23:41-06:00","2024-05-07T11:27:41-06:00","MER-0116","No vende mucho ",true,false,"Le falta más essivir el producto","Le falta más labor de venta","{""nombre"":""CHILCHOTA"",""productos"":{""gramos"":1000,""precio"":57,""hasPromo"":false}}","[{""promo"":""6 cajas por pallete en 90g"",""implementada"":false},{""promo"":""6 cajas por pallete en 225g"",""implementada"":false},{""promo"":""3 cajas por pallete en 1Kg"",""implementada"":true}]","[{""materiales"":""Stopper \""Hazlo con\"""",""alcance"":true},{""materiales"":""Display \""Es chido ser Leal\"""",""alcance"":true},{""materiales"":""Electo \""Aquí somos leales\"""",""alcance"":true}]","[{""material"":""Poster 1"",""pop"":false}]","[{""producto"":""Iberia 1kg"",""periodoNegociado"":""1 semana"",""pop"":false}]",,,"Se le desplasa muy poko "
"663a672b99f1909570496594","PRO-02","2024-05-07T11:33:14-06:00","2024-05-07T11:38:49-06:00","MER-0118","No vende mucho el producto ",false,false,"No lo venden mucho ","Le falta más labor de venta y que tenga más bisibilidad ","{""nombre"":""CHILCHOTA"",""productos"":{""gramos"":1000,""precio"":57,""hasPromo"":false}}","[{""promo"":""6 cajas por pallete en 90g"",""implementada"":false},{""promo"":""6 cajas por pallete en 225g"",""implementada"":false},{""promo"":""3 cajas por pallete en 1Kg"",""implementada"":true}]","[{""materiales"":""Stopper \""Hazlo con\"""",""alcance"":true},{""materiales"":""Display \""Es chido ser Leal\"""",""alcance"":true},{""materiales"":""Electo \""Aquí somos leales\"""",""alcance"":true}]","[{""material"":""Poster 1"",""pop"":false}]","[{""producto"":""Iberia 90g"",""periodoNegociado"":""1 semana"",""pop"":false}]",,,"Compra como se lo van pidiendo "
"663a754ae779be5e21d4e4a2","PRO-02","2024-05-07T11:48:08-06:00","2024-05-07T12:39:03-06:00","MER-0128","Se vende demasiado ",true,false,"Segunda visita para poder entrar","Noe dejaron pasar otra ves por qué no a ablado con el jefe ","{""nombre"":""CHILCHOTA"",""productos"":{""gramos"":1000,""precio"":57,""hasPromo"":false}}","[{""promo"":""6 cajas por pallete en 90g"",""implementada"":false},{""promo"":""6 cajas por pallete en 225g"",""implementada"":false},{""promo"":""3 cajas por pallete en 1Kg"",""implementada"":true}]","[{""materiales"":""Stopper \""Hazlo con\"""",""alcance"":true},{""materiales"":""Display \""Es chido ser Leal\"""",""alcance"":true},{""materiales"":""Electo \""Aquí somos leales\"""",""alcance"":true}]","[{""material"":""Poster 1"",""pop"":false}]","[{""producto"":""Iberia 90g"",""periodoNegociado"":""1 semana"",""pop"":false}]",,,"Si están comprando "
"663a7d35b4831957f92d58c1","PRO-01","2024-05-07T13:09:31-06:00","2024-05-07T13:12:51-06:00","IZT-0112","Tiene buena visibilidad de productos Iberia ",false,false,"Es un distribuidor pequeño y al pasar acer la visita comenta Qe aun tiene producto ","Ace 1 semana compro y hoy volvi a pasar y comenta Qe aun tiene producto ","{""nombre"":""CHIPILO"",""productos"":{""gramos"":90,""precio"":15,""hasPromo"":false}}","[{""promo"":""6 cajas por pallete en 90g"",""implementada"":false},{""promo"":""6 cajas por pallete en 225g"",""implementada"":false},{""promo"":""3 cajas por pallete en 1Kg"",""implementada"":false}]","[{""materiales"":""Stopper \""Hazlo con\"""",""alcance"":false},{""materiales"":""Display \""Es chido ser Leal\"""",""alcance"":false},{""materiales"":""Electo \""Aquí somos leales\"""",""alcance"":false}]","[{""material"":""Letrero plumón"",""pop"":false}]","[]",,,"Porke aun tiene producto "
"663a7d35b4831957f92d58c1","PRO-01","2024-05-07T13:09:31-06:00","2024-05-07T13:12:51-06:00","IZT-0112","Tiene buena visibilidad de productos Iberia ",false,false,"Es un distribuidor pequeño y al pasar acer la visita comenta Qe aun tiene producto ","Ace 1 semana compro y hoy volvi a pasar y comenta Qe aun tiene producto ","{""nombre"":""CHIPILO"",""productos"":{""gramos"":225,""precio"":40,""hasPromo"":false,""pop"":false}}","[{""promo"":""6 cajas por pallete en 90g"",""implementada"":false},{""promo"":""6 cajas por pallete en 225g"",""implementada"":false},{""promo"":""3 cajas por pallete en 1Kg"",""implementada"":false}]","[{""materiales"":""Stopper \""Hazlo con\"""",""alcance"":false},{""materiales"":""Display \""Es chido ser Leal\"""",""alcance"":false},{""materiales"":""Electo \""Aquí somos leales\"""",""alcance"":false}]","[{""material"":""Letrero plumón"",""pop"":false}]","[]",,,"Porke aun tiene producto "
"663a7e983448cf21387960d5","PRO-01","2024-05-07T13:09:31-06:00","2024-05-07T13:18:47-06:00","IZT-0112","Tiene buena visibilidad de productos Iberia ",false,false,"Es un distribuidor pequeño y al pasar acer la visita comenta Qe aun tiene producto ","Ace 1 semana compro y hoy volvi a pasar y comenta Qe aun tiene producto ","{""nombre"":""CHIPILO"",""productos"":{""gramos"":90,""precio"":15,""hasPromo"":false}}","[{""promo"":""6 cajas por pallete en 90g"",""implementada"":false},{""promo"":""6 cajas por pallete en 225g"",""implementada"":false},{""promo"":""3 cajas por pallete en 1Kg"",""implementada"":false}]","[{""materiales"":""Stopper \""Hazlo con\"""",""alcance"":false},{""materiales"":""Display \""Es chido ser Leal\"""",""alcance"":false},{""materiales"":""Electo \""Aquí somos leales\"""",""alcance"":false}]","[{""material"":""Letrero plumón"",""pop"":false}]","[]",,,"Porke aun tiene producto "
"663a7e983448cf21387960d5","PRO-01","2024-05-07T13:09:31-06:00","2024-05-07T13:18:47-06:00","IZT-0112","Tiene buena visibilidad de productos Iberia ",false,false,"Es un distribuidor pequeño y al pasar acer la visita comenta Qe aun tiene producto ","Ace 1 semana compro y hoy volvi a pasar y comenta Qe aun tiene producto ","{""nombre"":""CHIPILO"",""productos"":{""gramos"":225,""precio"":40,""hasPromo"":false,""pop"":false}}","[{""promo"":""6 cajas por pallete en 90g"",""implementada"":false},{""promo"":""6 cajas por pallete en 225g"",""implementada"":false},{""promo"":""3 cajas por pallete en 1Kg"",""implementada"":false}]","[{""materiales"":""Stopper \""Hazlo con\"""",""alcance"":false},{""materiales"":""Display \""Es chido ser Leal\"""",""alcance"":false},{""materiales"":""Electo \""Aquí somos leales\"""",""alcance"":false}]","[{""material"":""Letrero plumón"",""pop"":false}]","[]",,,"Porke aun tiene producto "
"663a7fc4f49d1e9e11bb022c","PRO-01","2024-05-07T13:19:02-06:00","2024-05-07T13:23:47-06:00","IZT-0132","Pase a visitar tienda checar a precios con Piero o Marga y caducidades y me comenta la encargada qe para la próxima vista ya estaría pidiendo ",true,false,"Tiene 18 cjs ya pedirá solo necesita checar precios en donde más le convenga así también como caducidades ","Ya esta x pedir producto de Iberia ","{""nombre"":""CHIPILO"",""productos"":{""gramos"":1000,""precio"":152,""hasPromo"":false}}","[{""promo"":""6 cajas por pallete en 90g"",""implementada"":false},{""promo"":""6 cajas por pallete en 225g"",""implementada"":false},{""promo"":""3 cajas por pallete en 1Kg"",""implementada"":false}]","[{""materiales"":""Stopper \""Hazlo con\"""",""alcance"":false},{""materiales"":""Display \""Es chido ser Leal\"""",""alcance"":false},{""materiales"":""Electo \""Aquí somos leales\"""",""alcance"":false}]","[{""material"":""Letrero plumón"",""pop"":false}]","[]",,,"Aun tiene producto "
"663a81b1f49d1e9e11bb022e","PRO-01","2024-05-07T13:28:03-06:00","2024-05-07T13:32:01-06:00","IZT-0133","Cuenta con buena exhibición del producto de Iberia ",true,false,"El día sábado pase a visitarlos y me comento el encargado Qe estaría aciendo pedido x la tarde o asta el día lunes ","Pase a la visita y me comenta el encargado Qe ya tiene la factura pero en oficinas no se la an proporcionado pero Qe el me la manda hoy x la tarde. Para mandar la venta. ","{""nombre"":""CHIPILO"",""productos"":{""gramos"":90,""precio"":345,""hasPromo"":false}}","[{""promo"":""6 cajas por pallete en 90g"",""implementada"":false},{""promo"":""6 cajas por pallete en 225g"",""implementada"":false},{""promo"":""3 cajas por pallete en 1Kg"",""implementada"":false}]","[{""materiales"":""Stopper \""Hazlo con\"""",""alcance"":false},{""materiales"":""Display \""Es chido ser Leal\"""",""alcance"":false},{""materiales"":""Electo \""Aquí somos leales\"""",""alcance"":false}]","[{""material"":""Letrero plumón"",""pop"":false}]","[]",,,"Acaba de acer una compra "
"663a81b1f49d1e9e11bb022e","PRO-01","2024-05-07T13:28:03-06:00","2024-05-07T13:32:01-06:00","IZT-0133","Cuenta con buena exhibición del producto de Iberia ",true,false,"El día sábado pase a visitarlos y me comento el encargado Qe estaría aciendo pedido x la tarde o asta el día lunes ","Pase a la visita y me comenta el encargado Qe ya tiene la factura pero en oficinas no se la an proporcionado pero Qe el me la manda hoy x la tarde. Para mandar la venta. ","{""nombre"":""CHIPILO"",""productos"":{""gramos"":225,""precio"":295,""hasPromo"":false,""pop"":false}}","[{""promo"":""6 cajas por pallete en 90g"",""implementada"":false},{""promo"":""6 cajas por pallete en 225g"",""implementada"":false},{""promo"":""3 cajas por pallete en 1Kg"",""implementada"":false}]","[{""materiales"":""Stopper \""Hazlo con\"""",""alcance"":false},{""materiales"":""Display \""Es chido ser Leal\"""",""alcance"":false},{""materiales"":""Electo \""Aquí somos leales\"""",""alcance"":false}]","[{""material"":""Letrero plumón"",""pop"":false}]","[]",,,"Acaba de acer una compra "
"663a81b1f49d1e9e11bb022e","PRO-01","2024-05-07T13:28:03-06:00","2024-05-07T13:32:01-06:00","IZT-0133","Cuenta con buena exhibición del producto de Iberia ",true,false,"El día sábado pase a visitarlos y me comento el encargado Qe estaría aciendo pedido x la tarde o asta el día lunes ","Pase a la visita y me comenta el encargado Qe ya tiene la factura pero en oficinas no se la an proporcionado pero Qe el me la manda hoy x la tarde. Para mandar la venta. ","{""nombre"":""CHIPILO"",""productos"":{""gramos"":1000,""precio"":162,""hasPromo"":false,""pop"":false}}","[{""promo"":""6 cajas por pallete en 90g"",""implementada"":false},{""promo"":""6 cajas por pallete en 225g"",""implementada"":false},{""promo"":""3 cajas por pallete en 1Kg"",""implementada"":false}]","[{""materiales"":""Stopper \""Hazlo con\"""",""alcance"":false},{""materiales"":""Display \""Es chido ser Leal\"""",""alcance"":false},{""materiales"":""Electo \""Aquí somos leales\"""",""alcance"":false}]","[{""material"":""Letrero plumón"",""pop"":false}]","[]",,,"Acaba de acer una compra "
"663a8398f49d1e9e11bb0230","PRO-02","2024-05-07T13:36:33-06:00","2024-05-07T13:40:06-06:00","MER-0113","No sé vende mucho ",true,false,"Tienen en bodega ","Se les desplasa muy poco la margarina ","{""nombre"":""LA VILLITA"",""productos"":{""gramos"":1000,""precio"":57,""hasPromo"":false}}","[{""promo"":""6 cajas por pallete en 90g"",""implementada"":false},{""promo"":""6 cajas por pallete en 225g"",""implementada"":false},{""promo"":""3 cajas por pallete en 1Kg"",""implementada"":true}]","[{""materiales"":""Stopper \""Hazlo con\"""",""alcance"":true},{""materiales"":""Display \""Es chido ser Leal\"""",""alcance"":true},{""materiales"":""Electo \""Aquí somos leales\"""",""alcance"":true}]","[{""material"":""Poster 1"",""pop"":false}]","[{""producto"":""Iberia 90g"",""periodoNegociado"":""1 semana"",""pop"":false}]",,,"Piden poko"
"663a8543f49d1e9e11bb0232","PRO-02","2024-05-07T13:40:52-06:00","2024-05-07T13:47:13-06:00","MER-0120","Se vende poko ",true,false,"Tiene en bodega","Dejo que lo exhibiera en refrigerador","{""nombre"":""LA VILLITA"",""productos"":{""gramos"":1000,""precio"":57,""hasPromo"":false}}","[{""promo"":""6 cajas por pallete en 90g"",""implementada"":false},{""promo"":""6 cajas por pallete en 225g"",""implementada"":false},{""promo"":""3 cajas por pallete en 1Kg"",""implementada"":true}]","[{""materiales"":""Stopper \""Hazlo con\"""",""alcance"":true},{""materiales"":""Display \""Es chido ser Leal\"""",""alcance"":true},{""materiales"":""Electo \""Aquí somos leales\"""",""alcance"":true}]","[{""material"":""Poster 1"",""pop"":false}]","[{""producto"":""Iberia 1kg"",""periodoNegociado"":""1 semana"",""pop"":false}]",,,"No an pedido "
"663a8598f49d1e9e11bb0234","PRO-01","2024-05-07T13:42:40-06:00","2024-05-07T13:48:39-06:00","IZT-0125","Tiene aun producto Iberia ",false,false,"A pesar de contar aún con producto el día de mañana o pasado mañana levantará pedido ","Comenta el cliente qe estará realizando pedido el día de mañana o pasado mañana con seguridad","{""nombre"":""CHILCHOTA"",""productos"":{""gramos"":90,""precio"":315,""hasPromo"":false}}","[{""promo"":""6 cajas por pallete en 90g"",""implementada"":false},{""promo"":""6 cajas por pallete en 225g"",""implementada"":false},{""promo"":""3 cajas por pallete en 1Kg"",""implementada"":false}]","[{""materiales"":""Stopper \""Hazlo con\"""",""alcance"":false},{""materiales"":""Display \""Es chido ser Leal\"""",""alcance"":false},{""materiales"":""Electo \""Aquí somos leales\"""",""alcance"":false}]","[{""material"":""Letrero plumón"",""pop"":false}]","[]",,,"Aun tiene producto "
"663a89e2ff068c8a2df36877","PRO-01","2024-05-07T13:59:34-06:00","2024-05-07T14:06:57-06:00","IZT-0120","Tiene producto en existencia aún ",false,false,"La venta esta baja es xreso Qe no compra ","Paso a visitarlo x lo regular del diario ","{""nombre"":""PRIMAVERA"",""productos"":{""gramos"":110,""precio"":18,""hasPromo"":false}}","[{""promo"":""6 cajas por pallete en 90g"",""implementada"":false},{""promo"":""6 cajas por pallete en 225g"",""implementada"":false},{""promo"":""3 cajas por pallete en 1Kg"",""implementada"":false}]","[{""materiales"":""Stopper \""Hazlo con\"""",""alcance"":false},{""materiales"":""Display \""Es chido ser Leal\"""",""alcance"":false},{""materiales"":""Electo \""Aquí somos leales\"""",""alcance"":false}]","[{""material"":""Letrero plumón"",""pop"":false}]","[]",,,"Aun tiene producto "
"663a8f4d2ad3a43b43f6b1d7","PRO-01","2024-05-07T14:24:14-06:00","2024-05-07T14:30:04-06:00","IZT-0137","El cliente quiere uniformes para su personal ",true,false,"El cliente muestra interés en la promoción Qe sale en la app y comenta Qe lo checara para Qe levante pedido ","La bodega cuenta con buena exhibición de productos de Iberia y primavera ","{""nombre"":""PRIMAVERA"",""productos"":{""gramos"":190,""precio"":38,""hasPromo"":false}}","[{""promo"":""6 cajas por pallete en 90g"",""implementada"":false},{""promo"":""6 cajas por pallete en 225g"",""implementada"":false},{""promo"":""3 cajas por pallete en 1Kg"",""implementada"":false}]","[{""materiales"":""Stopper \""Hazlo con\"""",""alcance"":false},{""materiales"":""Display \""Es chido ser Leal\"""",""alcance"":false},{""materiales"":""Electo \""Aquí somos leales\"""",""alcance"":false}]","[{""material"":""Letrero plumón"",""pop"":false}]","[]",,,"Porke aun tiene producto "
"663a8f4d2ad3a43b43f6b1d7","PRO-01","2024-05-07T14:24:14-06:00","2024-05-07T14:30:04-06:00","IZT-0137","El cliente quiere uniformes para su personal ",true,false,"El cliente muestra interés en la promoción Qe sale en la app y comenta Qe lo checara para Qe levante pedido ","La bodega cuenta con buena exhibición de productos de Iberia y primavera ","{""nombre"":""PRIMAVERA"",""productos"":{""gramos"":1000,""precio"":115,""hasPromo"":false,""pop"":false}}","[{""promo"":""6 cajas por pallete en 90g"",""implementada"":false},{""promo"":""6 cajas por pallete en 225g"",""implementada"":false},{""promo"":""3 cajas por pallete en 1Kg"",""implementada"":false}]","[{""materiales"":""Stopper \""Hazlo con\"""",""alcance"":false},{""materiales"":""Display \""Es chido ser Leal\"""",""alcance"":false},{""materiales"":""Electo \""Aquí somos leales\"""",""alcance"":false}]","[{""material"":""Letrero plumón"",""pop"":false}]","[]",,,"Porke aun tiene producto "
"663a96d098aeebd2de36ead7","PRO-02","2024-05-07T14:58:45-06:00","2024-05-07T15:02:05-06:00","MER-0108","Da un poko más caro que los demas",true,false,"Vende más caro que las demás tiendas","Se le desplasa muy poco producto y da más caro que las demás tiendas ","{""nombre"":""LA VILLITA"",""productos"":{""gramos"":1000,""precio"":62,""hasPromo"":false}}","[{""promo"":""6 cajas por pallete en 90g"",""implementada"":false},{""promo"":""6 cajas por pallete en 225g"",""implementada"":false},{""promo"":""3 cajas por pallete en 1Kg"",""implementada"":true}]","[{""materiales"":""Stopper \""Hazlo con\"""",""alcance"":true},{""materiales"":""Display \""Es chido ser Leal\"""",""alcance"":true},{""materiales"":""Electo \""Aquí somos leales\"""",""alcance"":true}]","[{""material"":""Poster 1"",""pop"":false}]","[{""producto"":""Iberia 90g"",""periodoNegociado"":""1 semana"",""pop"":false}]",,,"Se le desplasa muy poko"
"663a977098aeebd2de36ead9","PRO-02","2024-05-07T15:02:46-06:00","2024-05-07T15:04:46-06:00","MER-0107","Vende poco",true,false,"Se le desplasa muy despasio ","Más labor de venta ","{""nombre"":""LA VILLITA"",""productos"":{""gramos"":1000,""precio"":57,""hasPromo"":false}}","[{""promo"":""6 cajas por pallete en 90g"",""implementada"":false},{""promo"":""6 cajas por pallete en 225g"",""implementada"":false},{""promo"":""3 cajas por pallete en 1Kg"",""implementada"":true}]","[{""materiales"":""Stopper \""Hazlo con\"""",""alcance"":true},{""materiales"":""Display \""Es chido ser Leal\"""",""alcance"":true},{""materiales"":""Electo \""Aquí somos leales\"""",""alcance"":true}]","[{""material"":""Poster 1"",""pop"":false}]","[{""producto"":""Iberia 90g"",""periodoNegociado"":""1 semana"",""pop"":false}]",,,"Tiene en bodega"
"663a984798aeebd2de36eadb","PRO-02","2024-05-07T15:06:07-06:00","2024-05-07T15:08:21-06:00","MER-0103","Venta muy lenta ",false,false,"Solo venden la de kilo ","Me dejó poner la encargada una caja encima de su refri para que se vea","{""nombre"":""LA VILLITA"",""productos"":{""gramos"":1000,""precio"":57,""hasPromo"":false}}","[{""promo"":""6 cajas por pallete en 90g"",""implementada"":false},{""promo"":""6 cajas por pallete en 225g"",""implementada"":false},{""promo"":""3 cajas por pallete en 1Kg"",""implementada"":true}]","[{""materiales"":""Stopper \""Hazlo con\"""",""alcance"":true},{""materiales"":""Display \""Es chido ser Leal\"""",""alcance"":true},{""materiales"":""Electo \""Aquí somos leales\"""",""alcance"":true}]","[{""material"":""Poster 1"",""pop"":false}]","[{""producto"":""Iberia 1kg"",""periodoNegociado"":""1 semana"",""pop"":false}]",,,"No la venden mucho"
"663a991e98aeebd2de36eadd","PRO-02","2024-05-07T15:10:06-06:00","2024-05-07T15:11:56-06:00","MER-0104","No venden nada de margarina",false,false,"Ya no meten nada de eso","Ya no venden nada de margarina ","{""nombre"":""LA VILLITA"",""productos"":{""gramos"":1000,""precio"":57,""hasPromo"":false}}","[{""promo"":""6 cajas por pallete en 90g"",""implementada"":false},{""promo"":""6 cajas por pallete en 225g"",""implementada"":false},{""promo"":""3 cajas por pallete en 1Kg"",""implementada"":true}]","[{""materiales"":""Stopper \""Hazlo con\"""",""alcance"":true},{""materiales"":""Display \""Es chido ser Leal\"""",""alcance"":true},{""materiales"":""Electo \""Aquí somos leales\"""",""alcance"":true}]","[{""material"":""Poster 1"",""pop"":false}]","[{""producto"":""Iberia 1kg"",""periodoNegociado"":""1 semana"",""pop"":false}]",,,"No lo venden "
"663a9c4598aeebd2de36eadf","PRO-02","2024-05-07T15:18:44-06:00","2024-05-07T15:25:23-06:00","MER-0102","Se les desplasa muy poco",true,false,"Que pase mañana por si les ofrecen algo ","Más labor de venta","{""nombre"":""LA VILLITA"",""productos"":{""gramos"":1000,""precio"":57,""hasPromo"":false}}","[{""promo"":""6 cajas por pallete en 90g"",""implementada"":false},{""promo"":""6 cajas por pallete en 225g"",""implementada"":false},{""promo"":""3 cajas por pallete en 1Kg"",""implementada"":true}]","[{""materiales"":""Stopper \""Hazlo con\"""",""alcance"":true},{""materiales"":""Display \""Es chido ser Leal\"""",""alcance"":true},{""materiales"":""Electo \""Aquí somos leales\"""",""alcance"":true}]","[{""material"":""Poster 1"",""pop"":false}]","[{""producto"":""Iberia 90g"",""periodoNegociado"":""1 semana"",""pop"":false}]",,,"Tienen  en bodega"
"663a9ea5fb60ebe02a79d3d6","PRO-02","2024-05-07T15:29:50-06:00","2024-05-07T15:35:29-06:00","MER-0119","Pasar segunda visita",false,true,"Checar que las cajas no vengan golpeadas ","Mañana ayudar a comodar lo que llegó ","{""nombre"":""LA VILLITA"",""productos"":{""gramos"":1000,""precio"":57,""hasPromo"":false}}","[{""promo"":""6 cajas por pallete en 90g"",""implementada"":false},{""promo"":""6 cajas por pallete en 225g"",""implementada"":false},{""promo"":""3 cajas por pallete en 1Kg"",""implementada"":false}]","[{""materiales"":""Stopper \""Hazlo con\"""",""alcance"":true},{""materiales"":""Display \""Es chido ser Leal\"""",""alcance"":true},{""materiales"":""Electo \""Aquí somos leales\"""",""alcance"":true}]","[{""material"":""Poster 1"",""pop"":false}]","[{""producto"":""Iberia 1kg"",""periodoNegociado"":""2 semanas"",""pop"":false}]","ABIGAIL (LA NUEVA)","{""producto"":""Iberia 90g"",""cajas"":200}",
"663a9ea5fb60ebe02a79d3d6","PRO-02","2024-05-07T15:29:50-06:00","2024-05-07T15:35:29-06:00","MER-0119","Pasar segunda visita",false,true,"Checar que las cajas no vengan golpeadas ","Mañana ayudar a comodar lo que llegó ","{""nombre"":""LA VILLITA"",""productos"":{""gramos"":1000,""precio"":57,""hasPromo"":false}}","[{""promo"":""6 cajas por pallete en 90g"",""implementada"":false},{""promo"":""6 cajas por pallete en 225g"",""implementada"":false},{""promo"":""3 cajas por pallete en 1Kg"",""implementada"":false}]","[{""materiales"":""Stopper \""Hazlo con\"""",""alcance"":true},{""materiales"":""Display \""Es chido ser Leal\"""",""alcance"":true},{""materiales"":""Electo \""Aquí somos leales\"""",""alcance"":true}]","[{""material"":""Poster 1"",""pop"":false}]","[{""producto"":""Iberia 1kg"",""periodoNegociado"":""2 semanas"",""pop"":false}]","ABIGAIL (LA NUEVA)","{""producto"":""Iberia 225g"",""cajas"":1}",
"663a9ea5fb60ebe02a79d3d6","PRO-02","2024-05-07T15:29:50-06:00","2024-05-07T15:35:29-06:00","MER-0119","Pasar segunda visita",false,true,"Checar que las cajas no vengan golpeadas ","Mañana ayudar a comodar lo que llegó ","{""nombre"":""LA VILLITA"",""productos"":{""gramos"":1000,""precio"":57,""hasPromo"":false}}","[{""promo"":""6 cajas por pallete en 90g"",""implementada"":false},{""promo"":""6 cajas por pallete en 225g"",""implementada"":false},{""promo"":""3 cajas por pallete en 1Kg"",""implementada"":false}]","[{""materiales"":""Stopper \""Hazlo con\"""",""alcance"":true},{""materiales"":""Display \""Es chido ser Leal\"""",""alcance"":true},{""materiales"":""Electo \""Aquí somos leales\"""",""alcance"":true}]","[{""material"":""Poster 1"",""pop"":false}]","[{""producto"":""Iberia 1kg"",""periodoNegociado"":""2 semanas"",""pop"":false}]","ABIGAIL (LA NUEVA)","{""producto"":""Iberia 1Kg"",""cajas"":60}",
"663b8985e32d6b0f5dfc4208","PRO-02","2024-05-08T08:03:24-06:00","2024-05-08T08:17:37-06:00","MER-0119","No sé vende mucho ",true,false,"Tienen en bodega ","Se vende un poko más que en las de más ","{""nombre"":""LA VILLITA"",""productos"":{""gramos"":1000,""precio"":57,""hasPromo"":false}}","[{""promo"":""6 cajas por pallete en 90g"",""implementada"":false},{""promo"":""6 cajas por pallete en 225g"",""implementada"":false},{""promo"":""3 cajas por pallete en 1Kg"",""implementada"":true}]","[{""materiales"":""Stopper \""Hazlo con\"""",""alcance"":true},{""materiales"":""Display \""Es chido ser Leal\"""",""alcance"":true},{""materiales"":""Electo \""Aquí somos leales\"""",""alcance"":true}]","[{""material"":""Poster 1"",""pop"":false}]","[{""producto"":""Iberia 1kg"",""periodoNegociado"":""1 semana"",""pop"":false}]",,,"Tienen pedido "
"663b8b7ae32d6b0f5dfc420a","PRO-02","2024-05-08T08:20:08-06:00","2024-05-08T08:26:00-06:00","MER-0107","No sé vende mucho ",true,false,"No sé en cuenta el encargado ","Asta mañana que esté el encargado ","{""nombre"":""CHILCHOTA"",""productos"":{""gramos"":1000,""precio"":57,""hasPromo"":false}}","[{""promo"":""6 cajas por pallete en 90g"",""implementada"":false},{""promo"":""6 cajas por pallete en 225g"",""implementada"":false},{""promo"":""3 cajas por pallete en 1Kg"",""implementada"":true}]","[{""materiales"":""Stopper \""Hazlo con\"""",""alcance"":true},{""materiales"":""Display \""Es chido ser Leal\"""",""alcance"":true},{""materiales"":""Electo \""Aquí somos leales\"""",""alcance"":true}]","[{""material"":""Poster 1"",""pop"":false}]","[{""producto"":""Iberia 1kg"",""periodoNegociado"":""1 semana"",""pop"":false}]",,,"No sé le a desplasadouy rápido "
"663b8c55e32d6b0f5dfc420c","PRO-02","2024-05-08T08:26:51-06:00","2024-05-08T08:29:39-06:00","MER-0103","No sé a vendido ",true,false,"Venden de 1000g","No la venden mucho ","{""nombre"":""CHILCHOTA"",""productos"":{""gramos"":1000,""precio"":57,""hasPromo"":false}}","[{""promo"":""6 cajas por pallete en 90g"",""implementada"":false},{""promo"":""6 cajas por pallete en 225g"",""implementada"":false},{""promo"":""3 cajas por pallete en 1Kg"",""implementada"":true}]","[{""materiales"":""Stopper \""Hazlo con\"""",""alcance"":true},{""materiales"":""Display \""Es chido ser Leal\"""",""alcance"":true},{""materiales"":""Electo \""Aquí somos leales\"""",""alcance"":true}]","[{""material"":""Poster 1"",""pop"":false}]","[{""producto"":""Iberia 1kg"",""periodoNegociado"":""1 semana"",""pop"":false}]",,,"No sé les vende mucho "
"663b8d9be32d6b0f5dfc420e","PRO-02","2024-05-08T08:30:02-06:00","2024-05-08T08:35:04-06:00","MER-0102","Se le está asiendo muy fea ",true,false,"Asta sábado van Aser pedido ","Se le está derritiendo muy rápido y tienen en bodega","{""nombre"":""LA VILLITA"",""productos"":{""gramos"":1000,""precio"":57,""hasPromo"":false}}","[{""promo"":""6 cajas por pallete en 90g"",""implementada"":false},{""promo"":""6 cajas por pallete en 225g"",""implementada"":false},{""promo"":""3 cajas por pallete en 1Kg"",""implementada"":true}]","[{""materiales"":""Stopper \""Hazlo con\"""",""alcance"":true},{""materiales"":""Display \""Es chido ser Leal\"""",""alcance"":true},{""materiales"":""Electo \""Aquí somos leales\"""",""alcance"":true}]","[{""material"":""Poster 1"",""pop"":false}]","[{""producto"":""Iberia 1kg"",""periodoNegociado"":""1 semana"",""pop"":false}]",,,"Se le está asiendo fea"
"663b91f85205f4e19eccc902","PRO-02","2024-05-08T08:49:55-06:00","2024-05-08T08:53:42-06:00","MER-0108","Daun poco más caro ",true,false,"No puede competir con las demás tiendas ","No compite con las demás tiendas así me comentó el sr.Omar cortes","{""nombre"":""CHILCHOTA"",""productos"":{""gramos"":1000,""precio"":62,""hasPromo"":false}}","[{""promo"":""6 cajas por pallete en 90g"",""implementada"":false},{""promo"":""6 cajas por pallete en 225g"",""implementada"":false},{""promo"":""3 cajas por pallete en 1Kg"",""implementada"":true}]","[{""materiales"":""Stopper \""Hazlo con\"""",""alcance"":true},{""materiales"":""Display \""Es chido ser Leal\"""",""alcance"":true},{""materiales"":""Electo \""Aquí somos leales\"""",""alcance"":true}]","[{""material"":""Poster 1"",""pop"":false}]","[{""producto"":""Iberia 90g"",""periodoNegociado"":""1 semana"",""pop"":false}]",,,"Daas caro que las demás cremerias "
"663b926f5205f4e19eccc904","PRO-02","2024-05-08T08:54:10-06:00","2024-05-08T08:55:41-06:00","MER-0104","Ya no venden hay ",false,false,"Ya no venden nada de cremería ","Ya no venden nada de cremería ya venden semillas ","{""nombre"":""LA VILLITA"",""productos"":{""gramos"":1000,""precio"":57,""hasPromo"":false}}","[{""promo"":""6 cajas por pallete en 90g"",""implementada"":false},{""promo"":""6 cajas por pallete en 225g"",""implementada"":false},{""promo"":""3 cajas por pallete en 1Kg"",""implementada"":true}]","[{""materiales"":""Stopper \""Hazlo con\"""",""alcance"":true},{""materiales"":""Display \""Es chido ser Leal\"""",""alcance"":true},{""materiales"":""Electo \""Aquí somos leales\"""",""alcance"":true}]","[{""material"":""Poster 1"",""pop"":false}]","[{""producto"":""Iberia 90g"",""periodoNegociado"":""1 semana"",""pop"":false}]",,,"No compran"
"663ba76dcd3c00d682c612f5","PRO-02","2024-05-08T10:16:05-06:00","2024-05-08T10:25:14-06:00","MER-0112","No sé vende mucho ",true,false,"Se está desplasando muy lento","Se le está asiendo liquida por el calor ","{""nombre"":""LA VILLITA"",""productos"":{""gramos"":1000,""precio"":57,""hasPromo"":false}}","[{""promo"":""6 cajas por pallete en 90g"",""implementada"":false},{""promo"":""6 cajas por pallete en 225g"",""implementada"":false},{""promo"":""3 cajas por pallete en 1Kg"",""implementada"":true}]","[{""materiales"":""Stopper \""Hazlo con\"""",""alcance"":true},{""materiales"":""Display \""Es chido ser Leal\"""",""alcance"":true},{""materiales"":""Electo \""Aquí somos leales\"""",""alcance"":true}]","[{""material"":""Poster 1"",""pop"":false}]","[{""producto"":""Iberia 90g"",""periodoNegociado"":""3 semanas"",""pop"":false},{""periodoNegociado"":""3 semanas"",""pop"":false,""producto"":""Iberia 225g""}]",,,"Tienen en bodega "
"663bb1458bce35da359e2a46","PRO-02","2024-05-08T11:01:43-06:00","2024-05-08T11:07:15-06:00","MER-0114","Está muy lenta la venta ",true,false,"Esta muy tranquila la venta ","Piden el fin de cemana","{""nombre"":""LA VILLITA"",""productos"":{""gramos"":1000,""precio"":57,""hasPromo"":false}}","[{""promo"":""6 cajas por pallete en 90g"",""implementada"":false},{""promo"":""6 cajas por pallete en 225g"",""implementada"":false},{""promo"":""3 cajas por pallete en 1Kg"",""implementada"":true}]","[{""materiales"":""Stopper \""Hazlo con\"""",""alcance"":true},{""materiales"":""Display \""Es chido ser Leal\"""",""alcance"":true},{""materiales"":""Electo \""Aquí somos leales\"""",""alcance"":true}]","[{""material"":""Poster 1"",""pop"":false}]","[{""producto"":""Iberia 1kg"",""periodoNegociado"":""1 semana"",""pop"":false}]",,,"Tienen en bodega "
"663bb29b8bce35da359e2a48","PRO-02","2024-05-08T11:08:30-06:00","2024-05-08T11:12:57-06:00","MER-0116","No piden mucho ",true,false,"Piden nada más de a cajita ","Compran muy poko ","{""nombre"":""CHILCHOTA"",""productos"":{""gramos"":1000,""precio"":57,""hasPromo"":false}}","[{""promo"":""6 cajas por pallete en 90g"",""implementada"":false},{""promo"":""6 cajas por pallete en 225g"",""implementada"":false},{""promo"":""3 cajas por pallete en 1Kg"",""implementada"":true}]","[{""materiales"":""Stopper \""Hazlo con\"""",""alcance"":true},{""materiales"":""Display \""Es chido ser Leal\"""",""alcance"":true},{""materiales"":""Electo \""Aquí somos leales\"""",""alcance"":true}]","[{""material"":""Poster 1"",""pop"":false}]","[{""producto"":""Iberia 1kg"",""periodoNegociado"":""1 semana"",""pop"":false}]",,,"Está tranquilo "
"663bb8e1fbb67f16625b9178","PRO-02","2024-05-08T11:35:21-06:00","2024-05-08T11:39:42-06:00","MER-0120","Está tranquilo ",true,false,"Está lenta la venta","Pasar el fin de semana","{""nombre"":""LA VILLITA"",""productos"":{""gramos"":1000,""precio"":57,""hasPromo"":false}}","[{""promo"":""6 cajas por pallete en 90g"",""implementada"":false},{""promo"":""6 cajas por pallete en 225g"",""implementada"":false},{""promo"":""3 cajas por pallete en 1Kg"",""implementada"":true}]","[{""materiales"":""Stopper \""Hazlo con\"""",""alcance"":true},{""materiales"":""Display \""Es chido ser Leal\"""",""alcance"":true},{""materiales"":""Electo \""Aquí somos leales\"""",""alcance"":true}]","[{""material"":""Poster 1"",""pop"":false}]","[{""producto"":""Iberia 1kg"",""periodoNegociado"":""1 semana"",""pop"":false}]",,,"Tienen en bodega "
"663bc45ed4ab9fe15fd545db","PRO-01","2024-05-08T12:25:08-06:00","2024-05-08T12:28:43-06:00","IZT-0139","Visite al cliente y son muy accesibles ",true,false,"Llego producto Iberia el día sábado ","Son bodegas muy pequeñas pero es cada 8 días qe Acen pedido ","{""nombre"":""GLORIA"",""productos"":{""gramos"":1000,""precio"":194,""hasPromo"":false}}","[{""promo"":""6 cajas por pallete en 90g"",""implementada"":false},{""promo"":""6 cajas por pallete en 225g"",""implementada"":false},{""promo"":""3 cajas por pallete en 1Kg"",""implementada"":false}]","[{""materiales"":""Stopper \""Hazlo con\"""",""alcance"":false},{""materiales"":""Display \""Es chido ser Leal\"""",""alcance"":false},{""materiales"":""Electo \""Aquí somos leales\"""",""alcance"":false}]","[{""material"":""Letrero plumón"",""pop"":false}]","[]",,,"Acaba de acer una compra "
"663bc45ed4ab9fe15fd545db","PRO-01","2024-05-08T12:25:08-06:00","2024-05-08T12:28:43-06:00","IZT-0139","Visite al cliente y son muy accesibles ",true,false,"Llego producto Iberia el día sábado ","Son bodegas muy pequeñas pero es cada 8 días qe Acen pedido ","{""nombre"":""PRIMAVERA"",""productos"":{""gramos"":190,""precio"":32,""hasPromo"":false,""pop"":false}}","[{""promo"":""6 cajas por pallete en 90g"",""implementada"":false},{""promo"":""6 cajas por pallete en 225g"",""implementada"":false},{""promo"":""3 cajas por pallete en 1Kg"",""implementada"":false}]","[{""materiales"":""Stopper \""Hazlo con\"""",""alcance"":false},{""materiales"":""Display \""Es chido ser Leal\"""",""alcance"":false},{""materiales"":""Electo \""Aquí somos leales\"""",""alcance"":false}]","[{""material"":""Letrero plumón"",""pop"":false}]","[]",,,"Acaba de acer una compra "
"663bc45ed4ab9fe15fd545db","PRO-01","2024-05-08T12:25:08-06:00","2024-05-08T12:28:43-06:00","IZT-0139","Visite al cliente y son muy accesibles ",true,false,"Llego producto Iberia el día sábado ","Son bodegas muy pequeñas pero es cada 8 días qe Acen pedido ","{""nombre"":""PRIMAVERA"",""productos"":{""gramos"":1000,""precio"":122,""hasPromo"":false,""pop"":false}}","[{""promo"":""6 cajas por pallete en 90g"",""implementada"":false},{""promo"":""6 cajas por pallete en 225g"",""implementada"":false},{""promo"":""3 cajas por pallete en 1Kg"",""implementada"":false}]","[{""materiales"":""Stopper \""Hazlo con\"""",""alcance"":false},{""materiales"":""Display \""Es chido ser Leal\"""",""alcance"":false},{""materiales"":""Electo \""Aquí somos leales\"""",""alcance"":false}]","[{""material"":""Letrero plumón"",""pop"":false}]","[]",,,"Acaba de acer una compra "
"663bc58bd4ab9fe15fd545dd","PRO-01","2024-05-08T12:29:06-06:00","2024-05-08T12:33:45-06:00","IZT-0140","Muy buena visibilidad del producto iberia",false,false,"Le fue interesante la promocion Qe arroja la app de Qe le regala cajas de más en la compra de cada palet ","Cliente con producto de Iberia a la vista del publico ","{""nombre"":""CHIPILO"",""productos"":{""gramos"":225,""precio"":42,""hasPromo"":false}}","[{""promo"":""6 cajas por pallete en 90g"",""implementada"":false},{""promo"":""6 cajas por pallete en 225g"",""implementada"":false},{""promo"":""3 cajas por pallete en 1Kg"",""implementada"":false}]","[{""materiales"":""Stopper \""Hazlo con\"""",""alcance"":false},{""materiales"":""Display \""Es chido ser Leal\"""",""alcance"":false},{""materiales"":""Electo \""Aquí somos leales\"""",""alcance"":false}]","[{""material"":""Letrero plumón"",""pop"":false}]","[]",,,"Aun tiene producto "
"663bc58bd4ab9fe15fd545dd","PRO-01","2024-05-08T12:29:06-06:00","2024-05-08T12:33:45-06:00","IZT-0140","Muy buena visibilidad del producto iberia",false,false,"Le fue interesante la promocion Qe arroja la app de Qe le regala cajas de más en la compra de cada palet ","Cliente con producto de Iberia a la vista del publico ","{""nombre"":""CHIPILO"",""productos"":{""gramos"":1000,""precio"":170,""hasPromo"":false,""pop"":false}}","[{""promo"":""6 cajas por pallete en 90g"",""implementada"":false},{""promo"":""6 cajas por pallete en 225g"",""implementada"":false},{""promo"":""3 cajas por pallete en 1Kg"",""implementada"":false}]","[{""materiales"":""Stopper \""Hazlo con\"""",""alcance"":false},{""materiales"":""Display \""Es chido ser Leal\"""",""alcance"":false},{""materiales"":""Electo \""Aquí somos leales\"""",""alcance"":false}]","[{""material"":""Letrero plumón"",""pop"":false}]","[]",,,"Aun tiene producto "
"663bc58bd4ab9fe15fd545dd","PRO-01","2024-05-08T12:29:06-06:00","2024-05-08T12:33:45-06:00","IZT-0140","Muy buena visibilidad del producto iberia",false,false,"Le fue interesante la promocion Qe arroja la app de Qe le regala cajas de más en la compra de cada palet ","Cliente con producto de Iberia a la vista del publico ","{""nombre"":""PRIMAVERA"",""productos"":{""gramos"":190,""precio"":38,""hasPromo"":false,""pop"":false}}","[{""promo"":""6 cajas por pallete en 90g"",""implementada"":false},{""promo"":""6 cajas por pallete en 225g"",""implementada"":false},{""promo"":""3 cajas por pallete en 1Kg"",""implementada"":false}]","[{""materiales"":""Stopper \""Hazlo con\"""",""alcance"":false},{""materiales"":""Display \""Es chido ser Leal\"""",""alcance"":false},{""materiales"":""Electo \""Aquí somos leales\"""",""alcance"":false}]","[{""material"":""Letrero plumón"",""pop"":false}]","[]",,,"Aun tiene producto "
"663bc58bd4ab9fe15fd545dd","PRO-01","2024-05-08T12:29:06-06:00","2024-05-08T12:33:45-06:00","IZT-0140","Muy buena visibilidad del producto iberia",false,false,"Le fue interesante la promocion Qe arroja la app de Qe le regala cajas de más en la compra de cada palet ","Cliente con producto de Iberia a la vista del publico ","{""nombre"":""PRIMAVERA"",""productos"":{""gramos"":360,""precio"":35,""hasPromo"":false,""pop"":false}}","[{""promo"":""6 cajas por pallete en 90g"",""implementada"":false},{""promo"":""6 cajas por pallete en 225g"",""implementada"":false},{""promo"":""3 cajas por pallete en 1Kg"",""implementada"":false}]","[{""materiales"":""Stopper \""Hazlo con\"""",""alcance"":false},{""materiales"":""Display \""Es chido ser Leal\"""",""alcance"":false},{""materiales"":""Electo \""Aquí somos leales\"""",""alcance"":false}]","[{""material"":""Letrero plumón"",""pop"":false}]","[]",,,"Aun tiene producto "
"663bc58bd4ab9fe15fd545dd","PRO-01","2024-05-08T12:29:06-06:00","2024-05-08T12:33:45-06:00","IZT-0140","Muy buena visibilidad del producto iberia",false,false,"Le fue interesante la promocion Qe arroja la app de Qe le regala cajas de más en la compra de cada palet ","Cliente con producto de Iberia a la vista del publico ","{""nombre"":""PRIMAVERA"",""productos"":{""gramos"":1000,""precio"":130,""hasPromo"":false,""pop"":false}}","[{""promo"":""6 cajas por pallete en 90g"",""implementada"":false},{""promo"":""6 cajas por pallete en 225g"",""implementada"":false},{""promo"":""3 cajas por pallete en 1Kg"",""implementada"":false}]","[{""materiales"":""Stopper \""Hazlo con\"""",""alcance"":false},{""materiales"":""Display \""Es chido ser Leal\"""",""alcance"":false},{""materiales"":""Electo \""Aquí somos leales\"""",""alcance"":false}]","[{""material"":""Letrero plumón"",""pop"":false}]","[]",,,"Aun tiene producto "
"663bcf499e44f16fb3e8f02c","PRO-02","2024-05-08T13:12:34-06:00","2024-05-08T13:15:15-06:00","MER-0116","Se desplasa poco ",true,false,"Se vende poco les falta más impulso o publicidad ","Más labor deventa","{""nombre"":""LA VILLITA"",""productos"":{""gramos"":1000,""precio"":57,""hasPromo"":false}}","[{""promo"":""6 cajas por pallete en 90g"",""implementada"":false},{""promo"":""6 cajas por pallete en 225g"",""implementada"":false},{""promo"":""3 cajas por pallete en 1Kg"",""implementada"":true}]","[{""materiales"":""Stopper \""Hazlo con\"""",""alcance"":true},{""materiales"":""Display \""Es chido ser Leal\"""",""alcance"":true},{""materiales"":""Electo \""Aquí somos leales\"""",""alcance"":true}]","[{""material"":""Poster 1"",""pop"":false}]","[{""producto"":""Iberia 1kg"",""periodoNegociado"":""1 semana"",""pop"":false}]",,,"Lo venden poco "
"663bd21f9e44f16fb3e8f02e","PRO-02","2024-05-08T13:23:38-06:00","2024-05-08T13:27:15-06:00","MER-0113","No sé encuentra el encargado ",true,false,"No sé encuentra el encargado ","Le falta más publicidad y más labor de venta","{""nombre"":""LA VILLITA"",""productos"":{""gramos"":1000,""precio"":57,""hasPromo"":false}}","[{""promo"":""6 cajas por pallete en 90g"",""implementada"":false},{""promo"":""6 cajas por pallete en 225g"",""implementada"":false},{""promo"":""3 cajas por pallete en 1Kg"",""implementada"":true}]","[{""materiales"":""Stopper \""Hazlo con\"""",""alcance"":true},{""materiales"":""Display \""Es chido ser Leal\"""",""alcance"":true},{""materiales"":""Electo \""Aquí somos leales\"""",""alcance"":true}]","[{""material"":""Poster 1"",""pop"":false}]","[{""producto"":""Iberia 1kg"",""periodoNegociado"":""1 semana"",""pop"":false}]",,,"Se desplasa muy despasio "
"663bd2208684e148f9d705c4","PRO-02","2024-05-08T13:23:38-06:00","2024-05-08T13:27:15-06:00","MER-0113","No sé encuentra el encargado ",true,false,"No sé encuentra el encargado ","Le falta más publicidad y más labor de venta","{""nombre"":""LA VILLITA"",""productos"":{""gramos"":1000,""precio"":57,""hasPromo"":false}}","[{""promo"":""6 cajas por pallete en 90g"",""implementada"":false},{""promo"":""6 cajas por pallete en 225g"",""implementada"":false},{""promo"":""3 cajas por pallete en 1Kg"",""implementada"":true}]","[{""materiales"":""Stopper \""Hazlo con\"""",""alcance"":true},{""materiales"":""Display \""Es chido ser Leal\"""",""alcance"":true},{""materiales"":""Electo \""Aquí somos leales\"""",""alcance"":true}]","[{""material"":""Poster 1"",""pop"":false}]","[{""producto"":""Iberia 1kg"",""periodoNegociado"":""1 semana"",""pop"":false}]",,,"Se desplasa muy despasio "
"663bd3bc8684e148f9d705c6","PRO-01","2024-05-08T13:24:21-06:00","2024-05-08T13:34:17-06:00","IZT-0126","Se ve en el mostrador producto de Iberia en sus diferentes precentaciones ",false,false,"Esta x concretarse una compra grande ","Estamos en espera de la compra grande qe ara el encargado de compras","{""nombre"":""CHILCHOTA"",""productos"":{""gramos"":1000,""precio"":135,""hasPromo"":false}}","[{""promo"":""6 cajas por pallete en 90g"",""implementada"":false},{""promo"":""6 cajas por pallete en 225g"",""implementada"":false},{""promo"":""3 cajas por pallete en 1Kg"",""implementada"":false}]","[{""materiales"":""Stopper \""Hazlo con\"""",""alcance"":false},{""materiales"":""Display \""Es chido ser Leal\"""",""alcance"":false},{""materiales"":""Electo \""Aquí somos leales\"""",""alcance"":false}]","[{""material"":""Letrero plumón"",""pop"":false}]","[]",,,"Porke aun tiene producto "
"663bd5a38684e148f9d705c8","PRO-01","2024-05-08T13:36:42-06:00","2024-05-08T13:42:26-06:00","IZT-0125","El producto de Iberia tiene buena visibilidad ",false,false,"El día de hoy realizo la compra y el día de mañana le llega su pedido ","Hoy se hizo el pedido y el día de  mañana llega el producto ","{""nombre"":""CHILCHOTA"",""productos"":{""gramos"":1000,""precio"":129,""hasPromo"":false}}","[{""promo"":""6 cajas por pallete en 90g"",""implementada"":true},{""promo"":""6 cajas por pallete en 225g"",""implementada"":false},{""promo"":""3 cajas por pallete en 1Kg"",""implementada"":false}]","[{""materiales"":""Stopper \""Hazlo con\"""",""alcance"":false},{""materiales"":""Display \""Es chido ser Leal\"""",""alcance"":false},{""materiales"":""Electo \""Aquí somos leales\"""",""alcance"":false}]","[{""material"":""Letrero plumón"",""pop"":false}]","[]",,,"Acaba de acer una compra "
"663bd8fc1200b3dcef98ffc0","PRO-01","2024-05-08T13:51:05-06:00","2024-05-08T13:56:41-06:00","IZT-0120","Estoy negociando con el encargado un espacio exclusivo para exhibir mi producto de iberia",false,false,"Es un cliente accesible pero con poco desplazamiento de producto ","Estamos x concretar una compra lo estoy platicando con el encargado ","{""nombre"":""DEL RANCHO"",""productos"":{""gramos"":90,""precio"":120,""hasPromo"":false}}","[{""promo"":""6 cajas por pallete en 90g"",""implementada"":false},{""promo"":""6 cajas por pallete en 225g"",""implementada"":false},{""promo"":""3 cajas por pallete en 1Kg"",""implementada"":false}]","[{""materiales"":""Stopper \""Hazlo con\"""",""alcance"":false},{""materiales"":""Display \""Es chido ser Leal\"""",""alcance"":false},{""materiales"":""Electo \""Aquí somos leales\"""",""alcance"":false}]","[{""material"":""Letrero plumón"",""pop"":false}]","[]",,,"X el momento esta completo y comenta Qe la venta es baja "
"663bdebde332225daf532395","PRO-01","2024-05-08T14:15:51-06:00","2024-05-08T14:21:04-06:00","IZT-0122","A diario mostrador lleno de producto de Iberia ",true,false,"El día de Aora me comenta el encargado Qe está x llegarle producto de Iberia de su distribuidora HM","Es buena la comunicacion con el encargado de tienda es una persona muy accesible ","{""nombre"":""GLORIA"",""productos"":{""gramos"":90,""precio"":22,""hasPromo"":false}}","[{""promo"":""6 cajas por pallete en 90g"",""implementada"":false},{""promo"":""6 cajas por pallete en 225g"",""implementada"":false},{""promo"":""3 cajas por pallete en 1Kg"",""implementada"":false}]","[{""materiales"":""Stopper \""Hazlo con\"""",""alcance"":false},{""materiales"":""Display \""Es chido ser Leal\"""",""alcance"":false},{""materiales"":""Electo \""Aquí somos leales\"""",""alcance"":false}]","[{""material"":""Letrero plumón"",""pop"":false}]","[]",,,"Porke su distribuidora es HM"
"663bdebde332225daf532395","PRO-01","2024-05-08T14:15:51-06:00","2024-05-08T14:21:04-06:00","IZT-0122","A diario mostrador lleno de producto de Iberia ",true,false,"El día de Aora me comenta el encargado Qe está x llegarle producto de Iberia de su distribuidora HM","Es buena la comunicacion con el encargado de tienda es una persona muy accesible ","{""nombre"":""CHILCHOTA"",""productos"":{""gramos"":1000,""precio"":135,""hasPromo"":false,""pop"":false}}","[{""promo"":""6 cajas por pallete en 90g"",""implementada"":false},{""promo"":""6 cajas por pallete en 225g"",""implementada"":false},{""promo"":""3 cajas por pallete en 1Kg"",""implementada"":false}]","[{""materiales"":""Stopper \""Hazlo con\"""",""alcance"":false},{""materiales"":""Display \""Es chido ser Leal\"""",""alcance"":false},{""materiales"":""Electo \""Aquí somos leales\"""",""alcance"":false}]","[{""material"":""Letrero plumón"",""pop"":false}]","[]",,,"Porke su distribuidora es HM"
"663bdebde332225daf532395","PRO-01","2024-05-08T14:15:51-06:00","2024-05-08T14:21:04-06:00","IZT-0122","A diario mostrador lleno de producto de Iberia ",true,false,"El día de Aora me comenta el encargado Qe está x llegarle producto de Iberia de su distribuidora HM","Es buena la comunicacion con el encargado de tienda es una persona muy accesible ","{""nombre"":""PRIMAVERA"",""productos"":{""gramos"":190,""precio"":35,""hasPromo"":false,""pop"":false}}","[{""promo"":""6 cajas por pallete en 90g"",""implementada"":false},{""promo"":""6 cajas por pallete en 225g"",""implementada"":false},{""promo"":""3 cajas por pallete en 1Kg"",""implementada"":false}]","[{""materiales"":""Stopper \""Hazlo con\"""",""alcance"":false},{""materiales"":""Display \""Es chido ser Leal\"""",""alcance"":false},{""materiales"":""Electo \""Aquí somos leales\"""",""alcance"":false}]","[{""material"":""Letrero plumón"",""pop"":false}]","[]",,,"Porke su distribuidora es HM"
"663bdebde332225daf532395","PRO-01","2024-05-08T14:15:51-06:00","2024-05-08T14:21:04-06:00","IZT-0122","A diario mostrador lleno de producto de Iberia ",true,false,"El día de Aora me comenta el encargado Qe está x llegarle producto de Iberia de su distribuidora HM","Es buena la comunicacion con el encargado de tienda es una persona muy accesible ","{""nombre"":""PRIMAVERA"",""productos"":{""gramos"":360,""precio"":65,""hasPromo"":false,""pop"":false}}","[{""promo"":""6 cajas por pallete en 90g"",""implementada"":false},{""promo"":""6 cajas por pallete en 225g"",""implementada"":false},{""promo"":""3 cajas por pallete en 1Kg"",""implementada"":false}]","[{""materiales"":""Stopper \""Hazlo con\"""",""alcance"":false},{""materiales"":""Display \""Es chido ser Leal\"""",""alcance"":false},{""materiales"":""Electo \""Aquí somos leales\"""",""alcance"":false}]","[{""material"":""Letrero plumón"",""pop"":false}]","[]",,,"Porke su distribuidora es HM"
"663bdebde332225daf532395","PRO-01","2024-05-08T14:15:51-06:00","2024-05-08T14:21:04-06:00","IZT-0122","A diario mostrador lleno de producto de Iberia ",true,false,"El día de Aora me comenta el encargado Qe está x llegarle producto de Iberia de su distribuidora HM","Es buena la comunicacion con el encargado de tienda es una persona muy accesible ","{""nombre"":""LA VILLITA"",""productos"":{""gramos"":1000,""precio"":62,""hasPromo"":false,""pop"":false}}","[{""promo"":""6 cajas por pallete en 90g"",""implementada"":false},{""promo"":""6 cajas por pallete en 225g"",""implementada"":false},{""promo"":""3 cajas por pallete en 1Kg"",""implementada"":false}]","[{""materiales"":""Stopper \""Hazlo con\"""",""alcance"":false},{""materiales"":""Display \""Es chido ser Leal\"""",""alcance"":false},{""materiales"":""Electo \""Aquí somos leales\"""",""alcance"":false}]","[{""material"":""Letrero plumón"",""pop"":false}]","[]",,,"Porke su distribuidora es HM"
"663be18de332225daf532397","PRO-01","2024-05-08T14:21:40-06:00","2024-05-08T14:33:14-06:00","IZT-0143","Es visible en primera fila del mostrador el producto de Iberia ",false,false,"Producto aun en existencia ","Productos de Iberia en exhibición ","{""nombre"":""LA VILLITA"",""productos"":{""gramos"":1000,""precio"":62,""hasPromo"":false}}","[{""promo"":""6 cajas por pallete en 90g"",""implementada"":false},{""promo"":""6 cajas por pallete en 225g"",""implementada"":false},{""promo"":""3 cajas por pallete en 1Kg"",""implementada"":false}]","[{""materiales"":""Stopper \""Hazlo con\"""",""alcance"":false},{""materiales"":""Display \""Es chido ser Leal\"""",""alcance"":false},{""materiales"":""Electo \""Aquí somos leales\"""",""alcance"":false}]","[{""material"":""Letrero plumón"",""pop"":false}]","[]",,,"Porke su distribuidora es HM"
"663be18de332225daf532397","PRO-01","2024-05-08T14:21:40-06:00","2024-05-08T14:33:14-06:00","IZT-0143","Es visible en primera fila del mostrador el producto de Iberia ",false,false,"Producto aun en existencia ","Productos de Iberia en exhibición ","{""nombre"":""FEITE"",""productos"":{""gramos"":1000,""precio"":71,""hasPromo"":false,""pop"":false}}","[{""promo"":""6 cajas por pallete en 90g"",""implementada"":false},{""promo"":""6 cajas por pallete en 225g"",""implementada"":false},{""promo"":""3 cajas por pallete en 1Kg"",""implementada"":false}]","[{""materiales"":""Stopper \""Hazlo con\"""",""alcance"":false},{""materiales"":""Display \""Es chido ser Leal\"""",""alcance"":false},{""materiales"":""Electo \""Aquí somos leales\"""",""alcance"":false}]","[{""material"":""Letrero plumón"",""pop"":false}]","[]",,,"Porke su distribuidora es HM"
"663be18de332225daf532397","PRO-01","2024-05-08T14:21:40-06:00","2024-05-08T14:33:14-06:00","IZT-0143","Es visible en primera fila del mostrador el producto de Iberia ",false,false,"Producto aun en existencia ","Productos de Iberia en exhibición ","{""nombre"":""PRIMAVERA"",""productos"":{""gramos"":360,""precio"":65,""hasPromo"":false,""pop"":false}}","[{""promo"":""6 cajas por pallete en 90g"",""implementada"":false},{""promo"":""6 cajas por pallete en 225g"",""implementada"":false},{""promo"":""3 cajas por pallete en 1Kg"",""implementada"":false}]","[{""materiales"":""Stopper \""Hazlo con\"""",""alcance"":false},{""materiales"":""Display \""Es chido ser Leal\"""",""alcance"":false},{""materiales"":""Electo \""Aquí somos leales\"""",""alcance"":false}]","[{""material"":""Letrero plumón"",""pop"":false}]","[]",,,"Porke su distribuidora es HM"
"663be18de332225daf532397","PRO-01","2024-05-08T14:21:40-06:00","2024-05-08T14:33:14-06:00","IZT-0143","Es visible en primera fila del mostrador el producto de Iberia ",false,false,"Producto aun en existencia ","Productos de Iberia en exhibición ","{""nombre"":""GLORIA"",""productos"":{""gramos"":1000,""precio"":78,""hasPromo"":false,""pop"":false}}","[{""promo"":""6 cajas por pallete en 90g"",""implementada"":false},{""promo"":""6 cajas por pallete en 225g"",""implementada"":false},{""promo"":""3 cajas por pallete en 1Kg"",""implementada"":false}]","[{""materiales"":""Stopper \""Hazlo con\"""",""alcance"":false},{""materiales"":""Display \""Es chido ser Leal\"""",""alcance"":false},{""materiales"":""Electo \""Aquí somos leales\"""",""alcance"":false}]","[{""material"":""Letrero plumón"",""pop"":false}]","[]",,,"Porke su distribuidora es HM"
"663ce1cf2016c3636dfd0a23","PRO-02","2024-05-09T08:26:48-06:00","2024-05-09T08:46:36-06:00","MER-0119","No la venden mucho ",true,false,"Asta que baje un poko ","Darme una vuelta en la tarde aver si baja un poko mas","{""nombre"":""LA VILLITA"",""productos"":{""gramos"":1000,""precio"":57,""hasPromo"":false}}","[{""promo"":""6 cajas por pallete en 90g"",""implementada"":false},{""promo"":""6 cajas por pallete en 225g"",""implementada"":false},{""promo"":""3 cajas por pallete en 1Kg"",""implementada"":true}]","[{""materiales"":""Stopper \""Hazlo con\"""",""alcance"":true},{""materiales"":""Display \""Es chido ser Leal\"""",""alcance"":true},{""materiales"":""Electo \""Aquí somos leales\"""",""alcance"":true}]","[{""material"":""Poster 1"",""pop"":false}]","[{""producto"":""Iberia 1kg"",""periodoNegociado"":""1 semana"",""pop"":false}]",,,"Hay en bodega "
"663ce493b5b81571c161fde6","PRO-02","2024-05-09T08:47:01-06:00","2024-05-09T08:58:25-06:00","MER-0112","Se vende muy lento ",true,false,"Tienen el sábado acen pedidos ","Pasar el sábado para apoyar en el pedido","{""nombre"":""LA VILLITA"",""productos"":{""gramos"":1000,""precio"":57,""hasPromo"":false}}","[{""promo"":""6 cajas por pallete en 90g"",""implementada"":false},{""promo"":""6 cajas por pallete en 225g"",""implementada"":false},{""promo"":""3 cajas por pallete en 1Kg"",""implementada"":true}]","[{""materiales"":""Stopper \""Hazlo con\"""",""alcance"":true},{""materiales"":""Display \""Es chido ser Leal\"""",""alcance"":true},{""materiales"":""Electo \""Aquí somos leales\"""",""alcance"":true}]","[{""material"":""Poster 1"",""pop"":false}]","[{""producto"":""Iberia 90g"",""periodoNegociado"":""3 semanas"",""pop"":false},{""periodoNegociado"":""3 semanas"",""pop"":false,""producto"":""Iberia 225g""}]",,,"Se le está derritiendo por el calor "
"663ce598b5b81571c161fde8","PRO-02","2024-05-09T09:00:42-06:00","2024-05-09T09:02:45-06:00","MER-0113","No sé desplasa tanto ",false,false,"Pasar en una hora ","Pasar alas 10 ","{""nombre"":""LA VILLITA"",""productos"":{""gramos"":1000,""precio"":57,""hasPromo"":false}}","[{""promo"":""6 cajas por pallete en 90g"",""implementada"":false},{""promo"":""6 cajas por pallete en 225g"",""implementada"":false},{""promo"":""3 cajas por pallete en 1Kg"",""implementada"":true}]","[{""materiales"":""Stopper \""Hazlo con\"""",""alcance"":true},{""materiales"":""Display \""Es chido ser Leal\"""",""alcance"":true},{""materiales"":""Electo \""Aquí somos leales\"""",""alcance"":true}]","[{""material"":""Poster 1"",""pop"":false}]","[{""producto"":""Iberia 90g"",""periodoNegociado"":""1 semana"",""pop"":false}]",,,"Tienen en bodega "
"663ce6d8b5b81571c161fdea","PRO-02","2024-05-09T09:03:25-06:00","2024-05-09T09:08:06-06:00","MER-0114","No Seles vende mucho ",true,false,"Está muy tranquilo ","Pasar el fin de cemana aver si hay pedido ","{""nombre"":""LA VILLITA"",""productos"":{""gramos"":1000,""precio"":57,""hasPromo"":false}}","[{""promo"":""6 cajas por pallete en 90g"",""implementada"":false},{""promo"":""6 cajas por pallete en 225g"",""implementada"":false},{""promo"":""3 cajas por pallete en 1Kg"",""implementada"":true}]","[{""materiales"":""Stopper \""Hazlo con\"""",""alcance"":true},{""materiales"":""Display \""Es chido ser Leal\"""",""alcance"":true},{""materiales"":""Electo \""Aquí somos leales\"""",""alcance"":true}]","[{""material"":""Poster 1"",""pop"":false}]","[{""producto"":""Iberia 90g"",""periodoNegociado"":""2 semanas"",""pop"":false}]",,,"El fin de semana "
"663ce875b5b81571c161fdec","PRO-02","2024-05-09T09:09:25-06:00","2024-05-09T09:14:59-06:00","MER-0115","No sé les vende mucho ",true,false,"Lo mueven poco","Sr.isac avisará cuando pida","{""nombre"":""LA VILLITA"",""productos"":{""gramos"":1000,""precio"":57,""hasPromo"":false}}","[{""promo"":""6 cajas por pallete en 90g"",""implementada"":false},{""promo"":""6 cajas por pallete en 225g"",""implementada"":false},{""promo"":""3 cajas por pallete en 1Kg"",""implementada"":true}]","[{""materiales"":""Stopper \""Hazlo con\"""",""alcance"":true},{""materiales"":""Display \""Es chido ser Leal\"""",""alcance"":true},{""materiales"":""Electo \""Aquí somos leales\"""",""alcance"":true}]","[{""material"":""Poster 1"",""pop"":false}]","[{""producto"":""Iberia 90g"",""periodoNegociado"":""1 semana"",""pop"":false}]",,,"Lo venden poko "
"663cea99b5b81571c161fdee","PRO-02","2024-05-09T09:16:11-06:00","2024-05-09T09:24:06-06:00","MER-0116","No sé desplasa ",true,false,"Tienen en bodega","No la mueven mucho ","{""nombre"":""CHIPILO"",""productos"":{""gramos"":225,""precio"":36,""hasPromo"":false}}","[{""promo"":""6 cajas por pallete en 90g"",""implementada"":false},{""promo"":""6 cajas por pallete en 225g"",""implementada"":false},{""promo"":""3 cajas por pallete en 1Kg"",""implementada"":true}]","[{""materiales"":""Stopper \""Hazlo con\"""",""alcance"":true},{""materiales"":""Display \""Es chido ser Leal\"""",""alcance"":true},{""materiales"":""Electo \""Aquí somos leales\"""",""alcance"":true}]","[{""material"":""Poster 1"",""pop"":false}]","[{""producto"":""Iberia 90g"",""periodoNegociado"":""1 semana"",""pop"":false}]",,,"Hay en bodega"
"663d0c4be45b275a22943a9a","PRO-02","2024-05-09T11:43:00-06:00","2024-05-09T11:47:52-06:00","MER-0103","No sé desplasa muy bien ",true,false,"No la venden mucho ","Se tarda para desplazar el producto ","{""nombre"":""LA VILLITA"",""productos"":{""gramos"":1000,""precio"":57,""hasPromo"":false}}","[{""promo"":""6 cajas por pallete en 90g"",""implementada"":false},{""promo"":""6 cajas por pallete en 225g"",""implementada"":false},{""promo"":""3 cajas por pallete en 1Kg"",""implementada"":true}]","[{""materiales"":""Stopper \""Hazlo con\"""",""alcance"":true},{""materiales"":""Display \""Es chido ser Leal\"""",""alcance"":true},{""materiales"":""Electo \""Aquí somos leales\"""",""alcance"":true}]","[{""material"":""Poster 1"",""pop"":false}]","[{""producto"":""Iberia 1kg"",""periodoNegociado"":""1 semana"",""pop"":false}]",,,"Venden más los cojelados "
"663d225281b3abc670a17616","PRO-02","2024-05-09T11:49:16-06:00","2024-05-09T13:21:50-06:00","MER-0107","Se vende poco",false,true,"Acarreo de mercancía y acomodo ","Acarreo de mercancía y acomodo de bodega","{""nombre"":""LA VILLITA"",""productos"":{""gramos"":1000,""precio"":57,""hasPromo"":false}}","[{""promo"":""6 cajas por pallete en 90g"",""implementada"":false},{""promo"":""6 cajas por pallete en 225g"",""implementada"":false},{""promo"":""3 cajas por pallete en 1Kg"",""implementada"":true}]","[{""materiales"":""Stopper \""Hazlo con\"""",""alcance"":true},{""materiales"":""Display \""Es chido ser Leal\"""",""alcance"":true},{""materiales"":""Electo \""Aquí somos leales\"""",""alcance"":true}]","[{""material"":""Poster 1"",""pop"":false}]","[{""producto"":""Iberia 90g"",""periodoNegociado"":""1 semana"",""pop"":false}]","HM","{""producto"":""Iberia 90g"",""cajas"":5,""promocion"":false,""puntos"":1800,""objetivo"":180}",
"663d225281b3abc670a17616","PRO-02","2024-05-09T11:49:16-06:00","2024-05-09T13:21:50-06:00","MER-0107","Se vende poco",false,true,"Acarreo de mercancía y acomodo ","Acarreo de mercancía y acomodo de bodega","{""nombre"":""LA VILLITA"",""productos"":{""gramos"":1000,""precio"":57,""hasPromo"":false}}","[{""promo"":""6 cajas por pallete en 90g"",""implementada"":false},{""promo"":""6 cajas por pallete en 225g"",""implementada"":false},{""promo"":""3 cajas por pallete en 1Kg"",""implementada"":true}]","[{""materiales"":""Stopper \""Hazlo con\"""",""alcance"":true},{""materiales"":""Display \""Es chido ser Leal\"""",""alcance"":true},{""materiales"":""Electo \""Aquí somos leales\"""",""alcance"":true}]","[{""material"":""Poster 1"",""pop"":false}]","[{""producto"":""Iberia 90g"",""periodoNegociado"":""1 semana"",""pop"":false}]","HM","{""producto"":""Iberia 225g"",""cajas"":10,""promocion"":false,""puntos"":500,""objetivo"":50}",
"663d225281b3abc670a17616","PRO-02","2024-05-09T11:49:16-06:00","2024-05-09T13:21:50-06:00","MER-0107","Se vende poco",false,true,"Acarreo de mercancía y acomodo ","Acarreo de mercancía y acomodo de bodega","{""nombre"":""LA VILLITA"",""productos"":{""gramos"":1000,""precio"":57,""hasPromo"":false}}","[{""promo"":""6 cajas por pallete en 90g"",""implementada"":false},{""promo"":""6 cajas por pallete en 225g"",""implementada"":false},{""promo"":""3 cajas por pallete en 1Kg"",""implementada"":true}]","[{""materiales"":""Stopper \""Hazlo con\"""",""alcance"":true},{""materiales"":""Display \""Es chido ser Leal\"""",""alcance"":true},{""materiales"":""Electo \""Aquí somos leales\"""",""alcance"":true}]","[{""material"":""Poster 1"",""pop"":false}]","[{""producto"":""Iberia 90g"",""periodoNegociado"":""1 semana"",""pop"":false}]","HM","{""producto"":""Iberia 1Kg"",""cajas"":10,""promocion"":true,""puntos"":1000,""objetivo"":100}",
"663d3c38f3a02905ec096343","PRO-02","2024-05-09T15:10:31-06:00","2024-05-09T15:12:21-06:00","MER-0102","Se vende poco ",true,false,"Tienen y está tranquila la venta","Pasar mañana temprano con la sra.coni","{""nombre"":""LA VILLITA"",""productos"":{""gramos"":1000,""precio"":57,""hasPromo"":false}}","[{""promo"":""6 cajas por pallete en 90g"",""implementada"":false},{""promo"":""6 cajas por pallete en 225g"",""implementada"":false},{""promo"":""3 cajas por pallete en 1Kg"",""implementada"":true}]","[{""materiales"":""Stopper \""Hazlo con\"""",""alcance"":true},{""materiales"":""Display \""Es chido ser Leal\"""",""alcance"":true},{""materiales"":""Electo \""Aquí somos leales\"""",""alcance"":true}]","[{""material"":""Poster 1"",""pop"":false}]","[{""producto"":""Iberia 90g"",""periodoNegociado"":""1 semana"",""pop"":false}]",,,"Tienen en bodega "
"663e3b51387299cfd874c93c","PRO-02","2024-05-10T09:12:56-06:00","2024-05-10T09:20:46-06:00","MER-0102","No sé vende mucho",true,false,"Me va avisar en cuanto llegue mercansia","Que pasará el lunes ","{""nombre"":""LA VILLITA"",""productos"":{""gramos"":1000,""precio"":57,""hasPromo"":false}}","[{""promo"":""6 cajas por pallete en 90g"",""implementada"":false},{""promo"":""6 cajas por pallete en 225g"",""implementada"":false},{""promo"":""3 cajas por pallete en 1Kg"",""implementada"":true}]","[{""materiales"":""Stopper \""Hazlo con\"""",""alcance"":true},{""materiales"":""Display \""Es chido ser Leal\"""",""alcance"":true},{""materiales"":""Electo \""Aquí somos leales\"""",""alcance"":true}]","[{""material"":""Poster 1"",""pop"":false}]","[{""producto"":""Iberia 1kg"",""periodoNegociado"":""1 semana"",""pop"":false}]",,,"Apenas va llegar "
"663e493af61b5da45a3c530b","PRO-02","2024-05-10T09:23:04-06:00","2024-05-10T10:20:07-06:00","MER-0107","Se le mueve poco",true,false,"Apollo para llevar un pedido ","Se apollo para el ticket ","{""nombre"":""LA VILLITA"",""productos"":{""gramos"":1000,""precio"":57,""hasPromo"":false}}","[{""promo"":""6 cajas por pallete en 90g"",""implementada"":false},{""promo"":""6 cajas por pallete en 225g"",""implementada"":false},{""promo"":""3 cajas por pallete en 1Kg"",""implementada"":true}]","[{""materiales"":""Stopper \""Hazlo con\"""",""alcance"":true},{""materiales"":""Display \""Es chido ser Leal\"""",""alcance"":true},{""materiales"":""Electo \""Aquí somos leales\"""",""alcance"":true}]","[{""material"":""Poster 1"",""pop"":false}]","[{""producto"":""Iberia 90g"",""periodoNegociado"":""1 semana"",""pop"":false}]",,,"Apenas ISO pedido "
"663e599fe382c2449dc32806","PRO-02","2024-05-10T10:44:07-06:00","2024-05-10T11:30:04-06:00","MER-0119","Se vende poco ",true,true,"Van a ver cómo se desplasa hoy","Se le ayudo a cómodo de bodega","{""nombre"":""LA VILLITA"",""productos"":{""gramos"":1000,""precio"":57,""hasPromo"":false}}","[{""promo"":""6 cajas por pallete en 90g"",""implementada"":false},{""promo"":""6 cajas por pallete en 225g"",""implementada"":false},{""promo"":""3 cajas por pallete en 1Kg"",""implementada"":true}]","[{""materiales"":""Stopper \""Hazlo con\"""",""alcance"":true},{""materiales"":""Display \""Es chido ser Leal\"""",""alcance"":true},{""materiales"":""Electo \""Aquí somos leales\"""",""alcance"":true}]","[{""material"":""Poster 1"",""pop"":false}]","[{""producto"":""Iberia 90g"",""periodoNegociado"":""1 semana"",""pop"":false}]","ABIGAIL (LA NUEVA)","{""producto"":""Iberia 225g"",""cajas"":100,""promocion"":false,""puntos"":500,""objetivo"":50}","Tienen un poco"
"663e599fe382c2449dc32806","PRO-02","2024-05-10T10:44:07-06:00","2024-05-10T11:30:04-06:00","MER-0119","Se vende poco ",true,true,"Van a ver cómo se desplasa hoy","Se le ayudo a cómodo de bodega","{""nombre"":""LA VILLITA"",""productos"":{""gramos"":1000,""precio"":57,""hasPromo"":false}}","[{""promo"":""6 cajas por pallete en 90g"",""implementada"":false},{""promo"":""6 cajas por pallete en 225g"",""implementada"":false},{""promo"":""3 cajas por pallete en 1Kg"",""implementada"":true}]","[{""materiales"":""Stopper \""Hazlo con\"""",""alcance"":true},{""materiales"":""Display \""Es chido ser Leal\"""",""alcance"":true},{""materiales"":""Electo \""Aquí somos leales\"""",""alcance"":true}]","[{""material"":""Poster 1"",""pop"":false}]","[{""producto"":""Iberia 90g"",""periodoNegociado"":""1 semana"",""pop"":false}]","ABIGAIL (LA NUEVA)","{""producto"":""Iberia 1Kg"",""cajas"":30,""promocion"":true,""puntos"":1000,""objetivo"":100}","Tienen un poco"
"663e633b666f1e414ae81afe","PRO-01","2024-05-09T09:46:31-06:00","2024-05-10T12:11:05-06:00","IZT-0125","Muy buena exhibición de producto de diferentes gramaje de Iberia ",false,false,"El día de ayer llegó el producto Iberia de 90gr ","Es muy buena la comunicacion con el personal y encargado. ","{""nombre"":""PRIMAVERA"",""productos"":{""gramos"":110,""precio"":20,""hasPromo"":false}}","[{""promo"":""6 cajas por pallete en 90g"",""implementada"":false},{""promo"":""6 cajas por pallete en 225g"",""implementada"":false},{""promo"":""3 cajas por pallete en 1Kg"",""implementada"":false}]","[{""materiales"":""Stopper \""Hazlo con\"""",""alcance"":false},{""materiales"":""Display \""Es chido ser Leal\"""",""alcance"":false},{""materiales"":""Electo \""Aquí somos leales\"""",""alcance"":false}]","[{""material"":""Letrero plumón"",""pop"":false}]","[]",,,"Acaba de acer una compra "
"663e633b666f1e414ae81afe","PRO-01","2024-05-09T09:46:31-06:00","2024-05-10T12:11:05-06:00","IZT-0125","Muy buena exhibición de producto de diferentes gramaje de Iberia ",false,false,"El día de ayer llegó el producto Iberia de 90gr ","Es muy buena la comunicacion con el personal y encargado. ","{""nombre"":""CHILCHOTA"",""productos"":{""gramos"":1000,""precio"":125,""hasPromo"":false,""pop"":false}}","[{""promo"":""6 cajas por pallete en 90g"",""implementada"":false},{""promo"":""6 cajas por pallete en 225g"",""implementada"":false},{""promo"":""3 cajas por pallete en 1Kg"",""implementada"":false}]","[{""materiales"":""Stopper \""Hazlo con\"""",""alcance"":false},{""materiales"":""Display \""Es chido ser Leal\"""",""alcance"":false},{""materiales"":""Electo \""Aquí somos leales\"""",""alcance"":false}]","[{""material"":""Letrero plumón"",""pop"":false}]","[]",,,"Acaba de acer una compra "
"663e6900666f1e414ae81b00","PRO-02","2024-05-10T12:32:30-06:00","2024-05-10T12:35:37-06:00","MER-0112","No sé vende mucho ",true,true,"De la demás gramaje hay ","Ayudo de traspaso de mercancía y acomodo de bodega","{""nombre"":""LA VILLITA"",""productos"":{""gramos"":1000,""precio"":57,""hasPromo"":false}}","[{""promo"":""6 cajas por pallete en 90g"",""implementada"":false},{""promo"":""6 cajas por pallete en 225g"",""implementada"":false},{""promo"":""3 cajas por pallete en 1Kg"",""implementada"":true}]","[{""materiales"":""Stopper \""Hazlo con\"""",""alcance"":true},{""materiales"":""Display \""Es chido ser Leal\"""",""alcance"":true},{""materiales"":""Electo \""Aquí somos leales\"""",""alcance"":true}]","[{""material"":""Poster 1"",""pop"":false}]","[{""producto"":""Iberia 1kg"",""periodoNegociado"":""1 semana"",""pop"":false}]","HM","{""producto"":""Iberia 1Kg"",""cajas"":10,""promocion"":true,""puntos"":1000,""objetivo"":100}",
"663e69cf666f1e414ae81b02","PRO-02","2024-05-10T12:36:19-06:00","2024-05-10T12:39:06-06:00","MER-0120","No sé vende ",true,true,"Ayudar a comodar mercansia ","Ayudo de traspaso de mercancía y acomodo de mercancía ","{""nombre"":""LA VILLITA"",""productos"":{""gramos"":1000,""precio"":57,""hasPromo"":false}}","[{""promo"":""6 cajas por pallete en 90g"",""implementada"":false},{""promo"":""6 cajas por pallete en 225g"",""implementada"":false},{""promo"":""3 cajas por pallete en 1Kg"",""implementada"":true}]","[{""materiales"":""Stopper \""Hazlo con\"""",""alcance"":true},{""materiales"":""Display \""Es chido ser Leal\"""",""alcance"":true},{""materiales"":""Electo \""Aquí somos leales\"""",""alcance"":true}]","[{""material"":""Poster 1"",""pop"":false}]","[{""producto"":""Iberia 90g"",""periodoNegociado"":""1 semana"",""pop"":false}]","HM","{""producto"":""Iberia 90g"",""cajas"":10,""promocion"":false,""puntos"":1800,""objetivo"":180}",
"663e69cf666f1e414ae81b02","PRO-02","2024-05-10T12:36:19-06:00","2024-05-10T12:39:06-06:00","MER-0120","No sé vende ",true,true,"Ayudar a comodar mercansia ","Ayudo de traspaso de mercancía y acomodo de mercancía ","{""nombre"":""LA VILLITA"",""productos"":{""gramos"":1000,""precio"":57,""hasPromo"":false}}","[{""promo"":""6 cajas por pallete en 90g"",""implementada"":false},{""promo"":""6 cajas por pallete en 225g"",""implementada"":false},{""promo"":""3 cajas por pallete en 1Kg"",""implementada"":true}]","[{""materiales"":""Stopper \""Hazlo con\"""",""alcance"":true},{""materiales"":""Display \""Es chido ser Leal\"""",""alcance"":true},{""materiales"":""Electo \""Aquí somos leales\"""",""alcance"":true}]","[{""material"":""Poster 1"",""pop"":false}]","[{""producto"":""Iberia 90g"",""periodoNegociado"":""1 semana"",""pop"":false}]","HM","{""producto"":""Iberia 225g"",""cajas"":30,""promocion"":false,""puntos"":500,""objetivo"":50}",
"664234d3baf5b5b49c40ad4d","PRO-02","2024-05-13T09:07:07-06:00","2024-05-13T09:42:06-06:00","MER-0119","No sé vende",true,true,"Pasar al rato por el ticket ","Pasar en la tarde por el ticket ","{""nombre"":""CHILCHOTA"",""productos"":{""gramos"":1000,""precio"":57,""hasPromo"":false}}","[{""promo"":""6 cajas por pallete en 90g"",""implementada"":false},{""promo"":""6 cajas por pallete en 225g"",""implementada"":false},{""promo"":""3 cajas por pallete en 1Kg"",""implementada"":true}]","[{""materiales"":""Stopper \""Hazlo con\"""",""alcance"":true},{""materiales"":""Display \""Es chido ser Leal\"""",""alcance"":true},{""materiales"":""Electo \""Aquí somos leales\"""",""alcance"":true}]","[{""material"":""Poster 1"",""pop"":false}]","[{""producto"":""Iberia 1kg"",""periodoNegociado"":""1 semana"",""pop"":false}]","ABIGAIL (LA NUEVA)","{""producto"":""Iberia 90g"",""cajas"":100,""promocion"":false,""puntos"":1800,""objetivo"":180}",
"664234d3baf5b5b49c40ad4d","PRO-02","2024-05-13T09:07:07-06:00","2024-05-13T09:42:06-06:00","MER-0119","No sé vende",true,true,"Pasar al rato por el ticket ","Pasar en la tarde por el ticket ","{""nombre"":""CHILCHOTA"",""productos"":{""gramos"":1000,""precio"":57,""hasPromo"":false}}","[{""promo"":""6 cajas por pallete en 90g"",""implementada"":false},{""promo"":""6 cajas por pallete en 225g"",""implementada"":false},{""promo"":""3 cajas por pallete en 1Kg"",""implementada"":true}]","[{""materiales"":""Stopper \""Hazlo con\"""",""alcance"":true},{""materiales"":""Display \""Es chido ser Leal\"""",""alcance"":true},{""materiales"":""Electo \""Aquí somos leales\"""",""alcance"":true}]","[{""material"":""Poster 1"",""pop"":false}]","[{""producto"":""Iberia 1kg"",""periodoNegociado"":""1 semana"",""pop"":false}]","ABIGAIL (LA NUEVA)","{""producto"":""Iberia 1Kg"",""cajas"":50,""promocion"":true,""puntos"":1000,""objetivo"":100}",
"66423fba28e313bae030c637","PRO-02","2024-05-13T10:20:20-06:00","2024-05-13T10:28:38-06:00","MER-0112","Se vende despacio ",true,false,"Tienen inventario ","Que asta mañana va a pedir o el miércoles ","{""nombre"":""LA VILLITA"",""productos"":{""gramos"":1000,""precio"":57,""hasPromo"":false}}","[{""promo"":""6 cajas por pallete en 90g"",""implementada"":false},{""promo"":""6 cajas por pallete en 225g"",""implementada"":false},{""promo"":""3 cajas por pallete en 1Kg"",""implementada"":true}]","[{""materiales"":""Stopper \""Hazlo con\"""",""alcance"":true},{""materiales"":""Display \""Es chido ser Leal\"""",""alcance"":true},{""materiales"":""Electo \""Aquí somos leales\"""",""alcance"":true}]","[{""material"":""Poster 1"",""pop"":false}]","[{""producto"":""Iberia 1kg"",""periodoNegociado"":""3 semanas"",""pop"":false}]",,,"Apenas compro"
"664242d4f234ec750b9ae049","PRO-02","2024-05-13T10:29:08-06:00","2024-05-13T10:41:52-06:00","MER-0114","No sé vende mucho ",false,false,"El viernes piden ","El viernes que pasen aver si podem","{""nombre"":""LA VILLITA"",""productos"":{""gramos"":1000,""precio"":57,""hasPromo"":false}}","[{""promo"":""6 cajas por pallete en 90g"",""implementada"":false},{""promo"":""6 cajas por pallete en 225g"",""implementada"":false},{""promo"":""3 cajas por pallete en 1Kg"",""implementada"":true}]","[{""materiales"":""Stopper \""Hazlo con\"""",""alcance"":true},{""materiales"":""Display \""Es chido ser Leal\"""",""alcance"":true},{""materiales"":""Electo \""Aquí somos leales\"""",""alcance"":true}]","[{""material"":""Poster 1"",""pop"":false}]","[{""producto"":""Iberia 1kg"",""periodoNegociado"":""1 semana"",""pop"":false}]",,,"Tiene inventario "
"66424c65998027e1a2384d54","PRO-02","2024-05-13T11:05:20-06:00","2024-05-13T11:22:42-06:00","MER-0114","No sé vende mucho ",true,false,"Asta el miércoles aver como sigue el inventario en bodega ","Asta el miércoles aver como va ","{""nombre"":""LA VILLITA"",""productos"":{""gramos"":1000,""precio"":57,""hasPromo"":false}}","[{""promo"":""6 cajas por pallete en 90g"",""implementada"":false},{""promo"":""6 cajas por pallete en 225g"",""implementada"":false},{""promo"":""3 cajas por pallete en 1Kg"",""implementada"":true}]","[{""materiales"":""Stopper \""Hazlo con\"""",""alcance"":true},{""materiales"":""Display \""Es chido ser Leal\"""",""alcance"":true},{""materiales"":""Electo \""Aquí somos leales\"""",""alcance"":true}]","[{""material"":""Poster 1"",""pop"":false}]","[{""producto"":""Iberia 1kg"",""periodoNegociado"":""1 semana"",""pop"":false}]",,,"Tienen esta tranquilo "
"66425296895ce4989f3c9ac4","PRO-02","2024-05-13T11:23:41-06:00","2024-05-13T11:49:05-06:00","MER-0120","No sé vende mucho ",true,false,"Se le desplaso poco","Pasar mañana ","{""nombre"":""CHILCHOTA"",""productos"":{""gramos"":1000,""precio"":57,""hasPromo"":false}}","[{""promo"":""6 cajas por pallete en 90g"",""implementada"":false},{""promo"":""6 cajas por pallete en 225g"",""implementada"":false},{""promo"":""3 cajas por pallete en 1Kg"",""implementada"":true}]","[{""materiales"":""Stopper \""Hazlo con\"""",""alcance"":true},{""materiales"":""Display \""Es chido ser Leal\"""",""alcance"":true},{""materiales"":""Electo \""Aquí somos leales\"""",""alcance"":true}]","[{""material"":""Poster 1"",""pop"":false}]","[{""producto"":""Iberia 1kg"",""periodoNegociado"":""1 semana"",""pop"":false}]",,,"Tienen "
"664254a4895ce4989f3c9ac6","PRO-02","2024-05-13T11:53:35-06:00","2024-05-13T11:57:53-06:00","MER-0113","Pasar un poco más alrato ",true,false,"Pasar el miércoles aver si ya bajo un poco más el inventario de la bodega ","Pasar el miércoles ","{""nombre"":""LA VILLITA"",""productos"":{""gramos"":1000,""precio"":57,""hasPromo"":false}}","[{""promo"":""6 cajas por pallete en 90g"",""implementada"":false},{""promo"":""6 cajas por pallete en 225g"",""implementada"":false},{""promo"":""3 cajas por pallete en 1Kg"",""implementada"":true}]","[{""materiales"":""Stopper \""Hazlo con\"""",""alcance"":true},{""materiales"":""Display \""Es chido ser Leal\"""",""alcance"":true},{""materiales"":""Electo \""Aquí somos leales\"""",""alcance"":true}]","[{""material"":""Poster 1"",""pop"":false}]","[{""producto"":""Iberia 1kg"",""periodoNegociado"":""1 semana"",""pop"":false}]",,,"No sé le desplasa mucho "
"664261cde7ba0abae6f54405","PRO-02","2024-05-13T12:28:53-06:00","2024-05-13T12:54:01-06:00","MER-0107","Vende poko ",true,false,"Piden los fines de semana ","Tienen  mercancía y solo piden el fin de semana ","{""nombre"":""LA VILLITA"",""productos"":{""gramos"":1000,""precio"":57,""hasPromo"":false}}","[{""promo"":""6 cajas por pallete en 90g"",""implementada"":false},{""promo"":""6 cajas por pallete en 225g"",""implementada"":false},{""promo"":""3 cajas por pallete en 1Kg"",""implementada"":true}]","[{""materiales"":""Stopper \""Hazlo con\"""",""alcance"":true},{""materiales"":""Display \""Es chido ser Leal\"""",""alcance"":true},{""materiales"":""Electo \""Aquí somos leales\"""",""alcance"":true}]","[{""material"":""Poster 1"",""pop"":false}]","[{""producto"":""Iberia 1kg"",""periodoNegociado"":""1 semana"",""pop"":false}]",,,"Tienen en bodega "
"664263b6b9d7201429209ba1","PRO-02","2024-05-13T12:55:10-06:00","2024-05-13T13:02:11-06:00","MER-0102","La venden muy bien ",true,false,"Mañana pase ","Pasar mañana en la tarde ","{""nombre"":""LA VILLITA"",""productos"":{""gramos"":1000,""precio"":57,""hasPromo"":false}}","[{""promo"":""6 cajas por pallete en 90g"",""implementada"":false},{""promo"":""6 cajas por pallete en 225g"",""implementada"":false},{""promo"":""3 cajas por pallete en 1Kg"",""implementada"":true}]","[{""materiales"":""Stopper \""Hazlo con\"""",""alcance"":true},{""materiales"":""Display \""Es chido ser Leal\"""",""alcance"":true},{""materiales"":""Electo \""Aquí somos leales\"""",""alcance"":true}]","[{""material"":""Poster 1"",""pop"":false}]","[{""producto"":""Iberia 1kg"",""periodoNegociado"":""1 semana"",""pop"":false}]",,,"Mañana llega pedido "
"664385d064157893ea7c2839","PRO-01","2024-05-14T09:32:53-06:00","2024-05-14T09:39:57-06:00","IZT-0139","Muy buena rotación del producto de Iberia ",true,false,"Muy buena visibilidad del producto Iberia en el mostrador de cremeria de esta tienda visitada  ","El trato con el personal es muy bueno al llegar y ofrecer el servicio y cooperan con lo requerido ","{""nombre"":""CHIPILO"",""productos"":{""gramos"":1000,""precio"":170,""hasPromo"":false}}","[{""promo"":""6 cajas por pallete en 90g"",""implementada"":false},{""promo"":""6 cajas por pallete en 225g"",""implementada"":false},{""promo"":""3 cajas por pallete en 1Kg"",""implementada"":false}]","[{""materiales"":""Stopper \""Hazlo con\"""",""alcance"":false},{""materiales"":""Display \""Es chido ser Leal\"""",""alcance"":false},{""materiales"":""Electo \""Aquí somos leales\"""",""alcance"":false}]","[{""material"":""Letrero plumón"",""pop"":false}]","[]",,,"Acaba de acer una compra "
"664385d064157893ea7c2839","PRO-01","2024-05-14T09:32:53-06:00","2024-05-14T09:39:57-06:00","IZT-0139","Muy buena rotación del producto de Iberia ",true,false,"Muy buena visibilidad del producto Iberia en el mostrador de cremeria de esta tienda visitada  ","El trato con el personal es muy bueno al llegar y ofrecer el servicio y cooperan con lo requerido ","{""nombre"":""CHILCHOTA"",""productos"":{""gramos"":1000,""precio"":140,""hasPromo"":false,""pop"":false}}","[{""promo"":""6 cajas por pallete en 90g"",""implementada"":false},{""promo"":""6 cajas por pallete en 225g"",""implementada"":false},{""promo"":""3 cajas por pallete en 1Kg"",""implementada"":false}]","[{""materiales"":""Stopper \""Hazlo con\"""",""alcance"":false},{""materiales"":""Display \""Es chido ser Leal\"""",""alcance"":false},{""materiales"":""Electo \""Aquí somos leales\"""",""alcance"":false}]","[{""material"":""Letrero plumón"",""pop"":false}]","[]",,,"Acaba de acer una compra "
"664385d064157893ea7c2839","PRO-01","2024-05-14T09:32:53-06:00","2024-05-14T09:39:57-06:00","IZT-0139","Muy buena rotación del producto de Iberia ",true,false,"Muy buena visibilidad del producto Iberia en el mostrador de cremeria de esta tienda visitada  ","El trato con el personal es muy bueno al llegar y ofrecer el servicio y cooperan con lo requerido ","{""nombre"":""GLORIA"",""productos"":{""gramos"":1000,""precio"":205,""hasPromo"":false,""pop"":false}}","[{""promo"":""6 cajas por pallete en 90g"",""implementada"":false},{""promo"":""6 cajas por pallete en 225g"",""implementada"":false},{""promo"":""3 cajas por pallete en 1Kg"",""implementada"":false}]","[{""materiales"":""Stopper \""Hazlo con\"""",""alcance"":false},{""materiales"":""Display \""Es chido ser Leal\"""",""alcance"":false},{""materiales"":""Electo \""Aquí somos leales\"""",""alcance"":false}]","[{""material"":""Letrero plumón"",""pop"":false}]","[]",,,"Acaba de acer una compra "
"66438910ca4d5126a0512626","PRO-02","2024-05-14T09:13:27-06:00","2024-05-14T09:53:49-06:00","MER-0119","Se vende poko",true,false,"Tienen en bodega","No hay Iberia de 1kg.","{""nombre"":""LA VILLITA"",""productos"":{""gramos"":1000,""precio"":57,""hasPromo"":false}}","[{""promo"":""6 cajas por pallete en 90g"",""implementada"":false},{""promo"":""6 cajas por pallete en 225g"",""implementada"":false},{""promo"":""3 cajas por pallete en 1Kg"",""implementada"":true}]","[{""materiales"":""Stopper \""Hazlo con\"""",""alcance"":true},{""materiales"":""Display \""Es chido ser Leal\"""",""alcance"":true},{""materiales"":""Electo \""Aquí somos leales\"""",""alcance"":true}]","[{""material"":""Poster 1"",""pop"":false}]","[{""producto"":""Iberia 90g"",""periodoNegociado"":""1 semana"",""pop"":false}]",,,"Ayer pidieron "
"66438fce67bb732fe3110bd5","PRO-02","2024-05-14T10:16:55-06:00","2024-05-14T10:22:34-06:00","MER-0114","Sin promoción ",true,false,"Desconfían de personal ","Desconfían de uno toda vía y que si no abra problema si le tomo una foto al tikey","{""nombre"":""CHIPILO"",""productos"":{""gramos"":225,""precio"":36,""hasPromo"":false}}","[{""promo"":""6 cajas por pallete en 90g"",""implementada"":false},{""promo"":""6 cajas por pallete en 225g"",""implementada"":false},{""promo"":""3 cajas por pallete en 1Kg"",""implementada"":true}]","[{""materiales"":""Stopper \""Hazlo con\"""",""alcance"":true},{""materiales"":""Display \""Es chido ser Leal\"""",""alcance"":true},{""materiales"":""Electo \""Aquí somos leales\"""",""alcance"":true}]","[{""material"":""Poster 1"",""pop"":false}]","[{""producto"":""Iberia 1kg"",""periodoNegociado"":""1 semana"",""pop"":false}]",,,"Tiene en bodega "
"66439c9f32f93314fa5fa50d","PRO-02","2024-05-14T10:23:14-06:00","2024-05-14T11:17:15-06:00","MER-0112","Sin promosion",true,false,"Apenas metió pedido","Va pedir más cuando sirva su refrigerador ","{""nombre"":""CHIPILO"",""productos"":{""gramos"":90,""precio"":16,""hasPromo"":false}}","[{""promo"":""6 cajas por pallete en 90g"",""implementada"":false},{""promo"":""6 cajas por pallete en 225g"",""implementada"":false},{""promo"":""3 cajas por pallete en 1Kg"",""implementada"":true}]","[{""materiales"":""Stopper \""Hazlo con\"""",""alcance"":true},{""materiales"":""Display \""Es chido ser Leal\"""",""alcance"":true},{""materiales"":""Electo \""Aquí somos leales\"""",""alcance"":true}]","[{""material"":""Poster 1"",""pop"":false}]","[{""producto"":""Iberia 90g"",""periodoNegociado"":""1 semana"",""pop"":false}]",,,"Tiene en bodega"
"6643ad08d51b5ecb400891c9","PRO-01","2024-05-14T12:24:03-06:00","2024-05-14T12:27:17-06:00","IZT-0140","El producto de Iberia tiene buena exhibición ",false,false,"El cliente poca en pocas cantidades ","Se pasa hacer la visita y el cliente comenta qe aun tiene producto pero Qe le interesa adquirir un palet de Iberia de 1 kg para llevarse las 3 cajas más de regalo ","{""nombre"":""CHIPILO"",""productos"":{""gramos"":1000,""precio"":170,""hasPromo"":false}}","[{""promo"":""6 cajas por pallete en 90g"",""implementada"":false},{""promo"":""6 cajas por pallete en 225g"",""implementada"":false},{""promo"":""3 cajas por pallete en 1Kg"",""implementada"":false}]","[{""materiales"":""Stopper \""Hazlo con\"""",""alcance"":false},{""materiales"":""Display \""Es chido ser Leal\"""",""alcance"":false},{""materiales"":""Electo \""Aquí somos leales\"""",""alcance"":false}]","[{""material"":""Letrero plumón"",""pop"":false}]","[]",,,"X el momento esta completo y comenta Qe la venta es baja "
"6643ad08d51b5ecb400891c9","PRO-01","2024-05-14T12:24:03-06:00","2024-05-14T12:27:17-06:00","IZT-0140","El producto de Iberia tiene buena exhibición ",false,false,"El cliente poca en pocas cantidades ","Se pasa hacer la visita y el cliente comenta qe aun tiene producto pero Qe le interesa adquirir un palet de Iberia de 1 kg para llevarse las 3 cajas más de regalo ","{""nombre"":""CHILCHOTA"",""productos"":{""gramos"":1000,""precio"":140,""hasPromo"":false,""pop"":false}}","[{""promo"":""6 cajas por pallete en 90g"",""implementada"":false},{""promo"":""6 cajas por pallete en 225g"",""implementada"":false},{""promo"":""3 cajas por pallete en 1Kg"",""implementada"":false}]","[{""materiales"":""Stopper \""Hazlo con\"""",""alcance"":false},{""materiales"":""Display \""Es chido ser Leal\"""",""alcance"":false},{""materiales"":""Electo \""Aquí somos leales\"""",""alcance"":false}]","[{""material"":""Letrero plumón"",""pop"":false}]","[]",,,"X el momento esta completo y comenta Qe la venta es baja "
"6643ad08d51b5ecb400891c9","PRO-01","2024-05-14T12:24:03-06:00","2024-05-14T12:27:17-06:00","IZT-0140","El producto de Iberia tiene buena exhibición ",false,false,"El cliente poca en pocas cantidades ","Se pasa hacer la visita y el cliente comenta qe aun tiene producto pero Qe le interesa adquirir un palet de Iberia de 1 kg para llevarse las 3 cajas más de regalo ","{""nombre"":""GLORIA"",""productos"":{""gramos"":1000,""precio"":205,""hasPromo"":false,""pop"":false}}","[{""promo"":""6 cajas por pallete en 90g"",""implementada"":false},{""promo"":""6 cajas por pallete en 225g"",""implementada"":false},{""promo"":""3 cajas por pallete en 1Kg"",""implementada"":false}]","[{""materiales"":""Stopper \""Hazlo con\"""",""alcance"":false},{""materiales"":""Display \""Es chido ser Leal\"""",""alcance"":false},{""materiales"":""Electo \""Aquí somos leales\"""",""alcance"":false}]","[{""material"":""Letrero plumón"",""pop"":false}]","[]",,,"X el momento esta completo y comenta Qe la venta es baja "
"6643da2fa6a3d31c37b4c767","PRO-01","2024-05-14T15:27:27-06:00","2024-05-14T15:39:46-06:00","IZT-0131","Es un cliente que tiene buena rotación de Iberia ",true,false,"Tiene buena vista en el mostrador el producto de Iberia ","Es un cliente con buena rotacion de los productos de Iberia ","{""nombre"":""GLORIA"",""productos"":{""gramos"":1000,""precio"":191,""hasPromo"":false}}","[{""promo"":""6 cajas por pallete en 90g"",""implementada"":false},{""promo"":""6 cajas por pallete en 225g"",""implementada"":false},{""promo"":""3 cajas por pallete en 1Kg"",""implementada"":false}]","[{""materiales"":""Stopper \""Hazlo con\"""",""alcance"":false},{""materiales"":""Display \""Es chido ser Leal\"""",""alcance"":false},{""materiales"":""Electo \""Aquí somos leales\"""",""alcance"":false}]","[{""material"":""Letrero plumón"",""pop"":false}]","[]",,,"Acaba de acer una compra "
"6643da2fa6a3d31c37b4c767","PRO-01","2024-05-14T15:27:27-06:00","2024-05-14T15:39:46-06:00","IZT-0131","Es un cliente que tiene buena rotación de Iberia ",true,false,"Tiene buena vista en el mostrador el producto de Iberia ","Es un cliente con buena rotacion de los productos de Iberia ","{""nombre"":""GLORIA"",""productos"":{""gramos"":225,""precio"":55,""hasPromo"":false,""pop"":false}}","[{""promo"":""6 cajas por pallete en 90g"",""implementada"":false},{""promo"":""6 cajas por pallete en 225g"",""implementada"":false},{""promo"":""3 cajas por pallete en 1Kg"",""implementada"":false}]","[{""materiales"":""Stopper \""Hazlo con\"""",""alcance"":false},{""materiales"":""Display \""Es chido ser Leal\"""",""alcance"":false},{""materiales"":""Electo \""Aquí somos leales\"""",""alcance"":false}]","[{""material"":""Letrero plumón"",""pop"":false}]","[]",,,"Acaba de acer una compra "
"6643da2fa6a3d31c37b4c767","PRO-01","2024-05-14T15:27:27-06:00","2024-05-14T15:39:46-06:00","IZT-0131","Es un cliente que tiene buena rotación de Iberia ",true,false,"Tiene buena vista en el mostrador el producto de Iberia ","Es un cliente con buena rotacion de los productos de Iberia ","{""nombre"":""GLORIA"",""productos"":{""gramos"":90,""precio"":89,""hasPromo"":false,""pop"":false}}","[{""promo"":""6 cajas por pallete en 90g"",""implementada"":false},{""promo"":""6 cajas por pallete en 225g"",""implementada"":false},{""promo"":""3 cajas por pallete en 1Kg"",""implementada"":false}]","[{""materiales"":""Stopper \""Hazlo con\"""",""alcance"":false},{""materiales"":""Display \""Es chido ser Leal\"""",""alcance"":false},{""materiales"":""Electo \""Aquí somos leales\"""",""alcance"":false}]","[{""material"":""Letrero plumón"",""pop"":false}]","[]",,,"Acaba de acer una compra "
"6644e6b1899da49b64c65935","PRO-01","2024-05-15T10:37:29-06:00","2024-05-15T10:45:21-06:00","IZT-0128","Es buena la comunicacion con el cliente pero aun no le proporcionan  la factura de la compra qe realizo en la semana pasada  ",true,false,"En espera de la factura de la compra qe realizaron para poder mandar el reporte de esta bodega ","Por lo que comenta en encargado hay muy buena rotación del producto ","{""nombre"":""CHILCHOTA"",""productos"":{""gramos"":1000,""precio"":62,""hasPromo"":false}}","[{""promo"":""6 cajas por pallete en 90g"",""implementada"":false},{""promo"":""6 cajas por pallete en 225g"",""implementada"":false},{""promo"":""3 cajas por pallete en 1Kg"",""implementada"":false}]","[{""materiales"":""Stopper \""Hazlo con\"""",""alcance"":false},{""materiales"":""Display \""Es chido ser Leal\"""",""alcance"":false},{""materiales"":""Electo \""Aquí somos leales\"""",""alcance"":false}]","[{""material"":""Letrero plumón"",""pop"":false}]","[]",,,"Aun tiene producto "
"6644f3c7482185c746d289f2","PRO-01","2024-05-15T11:36:51-06:00","2024-05-15T11:41:25-06:00","IZT-0125","El producto de Iberia  se encuentra visible en las vitrinas ",true,false,"El cliente compró un palet de 90 gr la semana pasada ","Solo Ace falta un poco de publicidad aunque el producto tiene muy buena rotación sería bueno ponerle publicidad ","{""nombre"":""LA VILLITA"",""productos"":{""gramos"":225,""precio"":33,""hasPromo"":false}}","[{""promo"":""6 cajas por pallete en 90g"",""implementada"":true},{""promo"":""6 cajas por pallete en 225g"",""implementada"":false},{""promo"":""3 cajas por pallete en 1Kg"",""implementada"":false}]","[{""materiales"":""Stopper \""Hazlo con\"""",""alcance"":false},{""materiales"":""Display \""Es chido ser Leal\"""",""alcance"":false},{""materiales"":""Electo \""Aquí somos leales\"""",""alcance"":false}]","[{""material"":""Letrero plumón"",""pop"":false}]","[]",,,"Acaba de acer una compra "
"6644f3c7482185c746d289f2","PRO-01","2024-05-15T11:36:51-06:00","2024-05-15T11:41:25-06:00","IZT-0125","El producto de Iberia  se encuentra visible en las vitrinas ",true,false,"El cliente compró un palet de 90 gr la semana pasada ","Solo Ace falta un poco de publicidad aunque el producto tiene muy buena rotación sería bueno ponerle publicidad ","{""nombre"":""LA VILLITA"",""productos"":{""gramos"":90,""precio"":14,""hasPromo"":false,""pop"":false}}","[{""promo"":""6 cajas por pallete en 90g"",""implementada"":true},{""promo"":""6 cajas por pallete en 225g"",""implementada"":false},{""promo"":""3 cajas por pallete en 1Kg"",""implementada"":false}]","[{""materiales"":""Stopper \""Hazlo con\"""",""alcance"":false},{""materiales"":""Display \""Es chido ser Leal\"""",""alcance"":false},{""materiales"":""Electo \""Aquí somos leales\"""",""alcance"":false}]","[{""material"":""Letrero plumón"",""pop"":false}]","[]",,,"Acaba de acer una compra "
"6644f788d1ea50d2c2530c50","PRO-01","2024-05-15T11:52:29-06:00","2024-05-15T11:57:16-06:00","IZT-0143","Tienen las diferentes precentaciones de Iberia exhibidas con buena visibilidad para el público ",false,false,"El encargado comenta Qe HM le abastese de producto Iberia ","En espera de saber si se concreto la venta de un trailer con producto de Iberia Qe el encargado de HM pidió ","{""nombre"":""CHIPILO"",""productos"":{""gramos"":225,""precio"":50,""hasPromo"":false}}","[{""promo"":""6 cajas por pallete en 90g"",""implementada"":false},{""promo"":""6 cajas por pallete en 225g"",""implementada"":false},{""promo"":""3 cajas por pallete en 1Kg"",""implementada"":false}]","[{""materiales"":""Stopper \""Hazlo con\"""",""alcance"":false},{""materiales"":""Display \""Es chido ser Leal\"""",""alcance"":false},{""materiales"":""Electo \""Aquí somos leales\"""",""alcance"":false}]","[{""material"":""Letrero plumón"",""pop"":false}]","[]",,,"Porke su distribuidora es HM"
"6644f788d1ea50d2c2530c50","PRO-01","2024-05-15T11:52:29-06:00","2024-05-15T11:57:16-06:00","IZT-0143","Tienen las diferentes precentaciones de Iberia exhibidas con buena visibilidad para el público ",false,false,"El encargado comenta Qe HM le abastese de producto Iberia ","En espera de saber si se concreto la venta de un trailer con producto de Iberia Qe el encargado de HM pidió ","{""nombre"":""LA VILLITA"",""productos"":{""gramos"":190,""precio"":36,""hasPromo"":false,""pop"":false}}","[{""promo"":""6 cajas por pallete en 90g"",""implementada"":false},{""promo"":""6 cajas por pallete en 225g"",""implementada"":false},{""promo"":""3 cajas por pallete en 1Kg"",""implementada"":false}]","[{""materiales"":""Stopper \""Hazlo con\"""",""alcance"":false},{""materiales"":""Display \""Es chido ser Leal\"""",""alcance"":false},{""materiales"":""Electo \""Aquí somos leales\"""",""alcance"":false}]","[{""material"":""Letrero plumón"",""pop"":false}]","[]",,,"Porke su distribuidora es HM"
"6644fb066546bbf57fe3bb7f","PRO-01","2024-05-15T12:06:11-06:00","2024-05-15T12:12:09-06:00","IZT-0132","Comenta la encargada qe Piero trae muy corta su caducidad de la margarina qué comprara ",false,false,"Estamos en espera de que la encargada realice la compra ","Comenta la encargada qué el día de hoy queda el pedido solo esta Checando caducidades con Piero o Marga quien traiga el producto con larga fecha de caducidad porque comenta que Piero trae fecha de junio ","{""nombre"":""CHILCHOTA"",""productos"":{""gramos"":1000,""precio"":199,""hasPromo"":false}}","[{""promo"":""6 cajas por pallete en 90g"",""implementada"":false},{""promo"":""6 cajas por pallete en 225g"",""implementada"":false},{""promo"":""3 cajas por pallete en 1Kg"",""implementada"":false}]","[{""materiales"":""Stopper \""Hazlo con\"""",""alcance"":false},{""materiales"":""Display \""Es chido ser Leal\"""",""alcance"":false},{""materiales"":""Electo \""Aquí somos leales\"""",""alcance"":false}]","[{""material"":""Letrero plumón"",""pop"":false}]","[]",,,"Esta x comprar solo es ver quien le da más larga fecha de caducidad "
"6644fb066546bbf57fe3bb7f","PRO-01","2024-05-15T12:06:11-06:00","2024-05-15T12:12:09-06:00","IZT-0132","Comenta la encargada qe Piero trae muy corta su caducidad de la margarina qué comprara ",false,false,"Estamos en espera de que la encargada realice la compra ","Comenta la encargada qué el día de hoy queda el pedido solo esta Checando caducidades con Piero o Marga quien traiga el producto con larga fecha de caducidad porque comenta que Piero trae fecha de junio ","{""nombre"":""GLORIA"",""productos"":{""gramos"":90,""precio"":32,""hasPromo"":false,""pop"":false}}","[{""promo"":""6 cajas por pallete en 90g"",""implementada"":false},{""promo"":""6 cajas por pallete en 225g"",""implementada"":false},{""promo"":""3 cajas por pallete en 1Kg"",""implementada"":false}]","[{""materiales"":""Stopper \""Hazlo con\"""",""alcance"":false},{""materiales"":""Display \""Es chido ser Leal\"""",""alcance"":false},{""materiales"":""Electo \""Aquí somos leales\"""",""alcance"":false}]","[{""material"":""Letrero plumón"",""pop"":false}]","[]",,,"Esta x comprar solo es ver quien le da más larga fecha de caducidad "
"66450fbd6785ad556beb32b1","PRO-03","2024-05-15T13:34:07-06:00","2024-05-15T13:40:42-06:00","ECA-0114"," En la.compra de 1barra regalan palitas",false,true,"  ","Falta material pop","{""nombre"":""DEL RANCHO"",""productos"":{""gramos"":1000,""precio"":45,""hasPromo"":false}}","[{""promo"":""6 cajas por pallete en 90g"",""implementada"":false},{""promo"":""6 cajas por pallete en 225g"",""implementada"":false},{""promo"":""3 cajas por pallete en 1Kg"",""implementada"":true}]","[{""materiales"":""Stopper \""Hazlo con\"""",""alcance"":true},{""materiales"":""Display \""Es chido ser Leal\"""",""alcance"":true},{""materiales"":""Electo \""Aquí somos leales\"""",""alcance"":true}]","[{""material"":""Letrero con palo"",""pop"":false}]","[{""producto"":""Iberia 90g"",""periodoNegociado"":""1 semana"",""pop"":false}]","PROMODIGSA","{""producto"":""Iberia 1Kg"",""cajas"":10,""promocion"":true,""puntos"":1000,""objetivo"":100}",
"66450fbd6785ad556beb32b1","PRO-03","2024-05-15T13:34:07-06:00","2024-05-15T13:40:42-06:00","ECA-0114"," En la.compra de 1barra regalan palitas",false,true,"  ","Falta material pop","{""nombre"":""DEL RANCHO"",""productos"":{""gramos"":1000,""precio"":45,""hasPromo"":false,""pop"":false}}","[{""promo"":""6 cajas por pallete en 90g"",""implementada"":false},{""promo"":""6 cajas por pallete en 225g"",""implementada"":false},{""promo"":""3 cajas por pallete en 1Kg"",""implementada"":true}]","[{""materiales"":""Stopper \""Hazlo con\"""",""alcance"":true},{""materiales"":""Display \""Es chido ser Leal\"""",""alcance"":true},{""materiales"":""Electo \""Aquí somos leales\"""",""alcance"":true}]","[{""material"":""Letrero con palo"",""pop"":false}]","[{""producto"":""Iberia 90g"",""periodoNegociado"":""1 semana"",""pop"":false}]","PROMODIGSA","{""producto"":""Iberia 1Kg"",""cajas"":10,""promocion"":true,""puntos"":1000,""objetivo"":100}",
"664512352180430c2edf52c2","PRO-01","2024-05-15T13:46:44-06:00","2024-05-15T13:51:15-06:00","IZT-0122","Producto de Iberia exhibido en la vitrina del mostrador ",false,false,"Se espera respuesta de si se concreto la venta con el encargado de compras ","Comento el encargado Que en un rato más le llegaba mercansia de su cedis Qe es HM ","{""nombre"":""CHIPILO"",""productos"":{""gramos"":225,""precio"":44,""hasPromo"":false}}","[{""promo"":""6 cajas por pallete en 90g"",""implementada"":false},{""promo"":""6 cajas por pallete en 225g"",""implementada"":false},{""promo"":""3 cajas por pallete en 1Kg"",""implementada"":false}]","[{""materiales"":""Stopper \""Hazlo con\"""",""alcance"":false},{""materiales"":""Display \""Es chido ser Leal\"""",""alcance"":false},{""materiales"":""Electo \""Aquí somos leales\"""",""alcance"":false}]","[{""material"":""Letrero plumón"",""pop"":false}]","[]",,,"Porke su distribuidora es HM"
"664512352180430c2edf52c2","PRO-01","2024-05-15T13:46:44-06:00","2024-05-15T13:51:15-06:00","IZT-0122","Producto de Iberia exhibido en la vitrina del mostrador ",false,false,"Se espera respuesta de si se concreto la venta con el encargado de compras ","Comento el encargado Que en un rato más le llegaba mercansia de su cedis Qe es HM ","{""nombre"":""GLORIA"",""productos"":{""gramos"":360,""precio"":93,""hasPromo"":false,""pop"":false}}","[{""promo"":""6 cajas por pallete en 90g"",""implementada"":false},{""promo"":""6 cajas por pallete en 225g"",""implementada"":false},{""promo"":""3 cajas por pallete en 1Kg"",""implementada"":false}]","[{""materiales"":""Stopper \""Hazlo con\"""",""alcance"":false},{""materiales"":""Display \""Es chido ser Leal\"""",""alcance"":false},{""materiales"":""Electo \""Aquí somos leales\"""",""alcance"":false}]","[{""material"":""Letrero plumón"",""pop"":false}]","[]",,,"Porke su distribuidora es HM"
"664512352180430c2edf52c2","PRO-01","2024-05-15T13:46:44-06:00","2024-05-15T13:51:15-06:00","IZT-0122","Producto de Iberia exhibido en la vitrina del mostrador ",false,false,"Se espera respuesta de si se concreto la venta con el encargado de compras ","Comento el encargado Que en un rato más le llegaba mercansia de su cedis Qe es HM ","{""nombre"":""GLORIA"",""productos"":{""gramos"":1000,""precio"":228,""hasPromo"":false,""pop"":false}}","[{""promo"":""6 cajas por pallete en 90g"",""implementada"":false},{""promo"":""6 cajas por pallete en 225g"",""implementada"":false},{""promo"":""3 cajas por pallete en 1Kg"",""implementada"":false}]","[{""materiales"":""Stopper \""Hazlo con\"""",""alcance"":false},{""materiales"":""Display \""Es chido ser Leal\"""",""alcance"":false},{""materiales"":""Electo \""Aquí somos leales\"""",""alcance"":false}]","[{""material"":""Letrero plumón"",""pop"":false}]","[]",,,"Porke su distribuidora es HM"
"6645167d472dac0fb21a7dc9","PRO-01","2024-05-15T14:03:38-06:00","2024-05-15T14:09:20-06:00","IZT-0112","Es visible el producto de Iberia en su mostrador ",false,false,"Comenta que se le desplaza lenta la mercansia ","Se pasa hacer visita x lo regular a diario y comenta la encargada qe pide pocas cajas conforme vaya necesitando la mercansia ","{""nombre"":""CHANTILLY"",""productos"":{""gramos"":190,""precio"":47,""hasPromo"":false}}","[{""promo"":""6 cajas por pallete en 90g"",""implementada"":false},{""promo"":""6 cajas por pallete en 225g"",""implementada"":false},{""promo"":""3 cajas por pallete en 1Kg"",""implementada"":false}]","[{""materiales"":""Stopper \""Hazlo con\"""",""alcance"":false},{""materiales"":""Display \""Es chido ser Leal\"""",""alcance"":false},{""materiales"":""Electo \""Aquí somos leales\"""",""alcance"":false}]","[{""material"":""Letrero plumón"",""pop"":false}]","[]",,,"Producto en existencia "
"6645167d472dac0fb21a7dc9","PRO-01","2024-05-15T14:03:38-06:00","2024-05-15T14:09:20-06:00","IZT-0112","Es visible el producto de Iberia en su mostrador ",false,false,"Comenta que se le desplaza lenta la mercansia ","Se pasa hacer visita x lo regular a diario y comenta la encargada qe pide pocas cajas conforme vaya necesitando la mercansia ","{""nombre"":""LA VILLITA"",""productos"":{""gramos"":190,""precio"":28,""hasPromo"":false,""pop"":false}}","[{""promo"":""6 cajas por pallete en 90g"",""implementada"":false},{""promo"":""6 cajas por pallete en 225g"",""implementada"":false},{""promo"":""3 cajas por pallete en 1Kg"",""implementada"":false}]","[{""materiales"":""Stopper \""Hazlo con\"""",""alcance"":false},{""materiales"":""Display \""Es chido ser Leal\"""",""alcance"":false},{""materiales"":""Electo \""Aquí somos leales\"""",""alcance"":false}]","[{""material"":""Letrero plumón"",""pop"":false}]","[]",,,"Producto en existencia "
"6645167d472dac0fb21a7dc9","PRO-01","2024-05-15T14:03:38-06:00","2024-05-15T14:09:20-06:00","IZT-0112","Es visible el producto de Iberia en su mostrador ",false,false,"Comenta que se le desplaza lenta la mercansia ","Se pasa hacer visita x lo regular a diario y comenta la encargada qe pide pocas cajas conforme vaya necesitando la mercansia ","{""nombre"":""LA VILLITA"",""productos"":{""gramos"":1000,""precio"":99,""hasPromo"":false,""pop"":false}}","[{""promo"":""6 cajas por pallete en 90g"",""implementada"":false},{""promo"":""6 cajas por pallete en 225g"",""implementada"":false},{""promo"":""3 cajas por pallete en 1Kg"",""implementada"":false}]","[{""materiales"":""Stopper \""Hazlo con\"""",""alcance"":false},{""materiales"":""Display \""Es chido ser Leal\"""",""alcance"":false},{""materiales"":""Electo \""Aquí somos leales\"""",""alcance"":false}]","[{""material"":""Letrero plumón"",""pop"":false}]","[]",,,"Producto en existencia "
"66463a00252fbfa29a20dcb4","PRO-02","2024-05-16T10:04:44-06:00","2024-05-16T10:53:18-06:00","MER-0119","Sin promoción ",true,false,"Está lenta la venta","No hay notas ","{""nombre"":""LA VILLITA"",""productos"":{""gramos"":90,""precio"":16,""hasPromo"":false}}","[{""promo"":""6 cajas por pallete en 90g"",""implementada"":false},{""promo"":""6 cajas por pallete en 225g"",""implementada"":false},{""promo"":""3 cajas por pallete en 1Kg"",""implementada"":true}]","[{""materiales"":""Stopper \""Hazlo con\"""",""alcance"":true},{""materiales"":""Display \""Es chido ser Leal\"""",""alcance"":true},{""materiales"":""Electo \""Aquí somos leales\"""",""alcance"":true}]","[{""material"":""Poster 1"",""pop"":false}]","[{""producto"":""Iberia 1kg"",""periodoNegociado"":""1 semana"",""pop"":false}]",,,"Tien en bodega"
"66463cfb5408c78a2fb6f40a","PRO-02","2024-05-16T10:53:49-06:00","2024-05-16T11:06:01-06:00","MER-0112","Sin promosion ",true,false,"Se está desplasando poco","Van a pedir asta que arreglen su camara de frío ","{""nombre"":""CHIPILO"",""productos"":{""gramos"":1000,""precio"":57,""hasPromo"":false}}","[{""promo"":""6 cajas por pallete en 90g"",""implementada"":false},{""promo"":""6 cajas por pallete en 225g"",""implementada"":false},{""promo"":""3 cajas por pallete en 1Kg"",""implementada"":true}]","[{""materiales"":""Stopper \""Hazlo con\"""",""alcance"":true},{""materiales"":""Display \""Es chido ser Leal\"""",""alcance"":true},{""materiales"":""Electo \""Aquí somos leales\"""",""alcance"":true}]","[{""material"":""Poster 1"",""pop"":false}]","[{""producto"":""Iberia 1kg"",""periodoNegociado"":""1 semana"",""pop"":false}]",,,"Tienen en bodega"
"664777ba0dc8634ea1e36d31","PRO-01","2024-05-17T09:22:32-06:00","2024-05-17T09:28:45-06:00","IZT-0138","Cliente con lenta rotación de producto ",true,false,"Pase hacer visita y comenta el encargado que todavía no Ace pedido porque aun tiene producto ","Tiene producto en existencia y esta visible Iberia en el mostrador ","{""nombre"":""GLORIA"",""productos"":{""gramos"":90,""precio"":32,""hasPromo"":false}}","[{""promo"":""6 cajas por pallete en 90g"",""implementada"":false},{""promo"":""6 cajas por pallete en 225g"",""implementada"":false},{""promo"":""3 cajas por pallete en 1Kg"",""implementada"":false}]","[{""materiales"":""Stopper \""Hazlo con\"""",""alcance"":false},{""materiales"":""Display \""Es chido ser Leal\"""",""alcance"":false},{""materiales"":""Electo \""Aquí somos leales\"""",""alcance"":false}]","[{""material"":""Letrero plumón"",""pop"":false}]","[]",,,"X el momento esta completo y comenta Qe la venta es baja "
"664777ba0dc8634ea1e36d31","PRO-01","2024-05-17T09:22:32-06:00","2024-05-17T09:28:45-06:00","IZT-0138","Cliente con lenta rotación de producto ",true,false,"Pase hacer visita y comenta el encargado que todavía no Ace pedido porque aun tiene producto ","Tiene producto en existencia y esta visible Iberia en el mostrador ","{""nombre"":""PRIMAVERA"",""productos"":{""gramos"":360,""precio"":54,""hasPromo"":false,""pop"":false}}","[{""promo"":""6 cajas por pallete en 90g"",""implementada"":false},{""promo"":""6 cajas por pallete en 225g"",""implementada"":false},{""promo"":""3 cajas por pallete en 1Kg"",""implementada"":false}]","[{""materiales"":""Stopper \""Hazlo con\"""",""alcance"":false},{""materiales"":""Display \""Es chido ser Leal\"""",""alcance"":false},{""materiales"":""Electo \""Aquí somos leales\"""",""alcance"":false}]","[{""material"":""Letrero plumón"",""pop"":false}]","[]",,,"X el momento esta completo y comenta Qe la venta es baja "
"664777ba0dc8634ea1e36d31","PRO-01","2024-05-17T09:22:32-06:00","2024-05-17T09:28:45-06:00","IZT-0138","Cliente con lenta rotación de producto ",true,false,"Pase hacer visita y comenta el encargado que todavía no Ace pedido porque aun tiene producto ","Tiene producto en existencia y esta visible Iberia en el mostrador ","{""nombre"":""CHILCHOTA"",""productos"":{""gramos"":1000,""precio"":200,""hasPromo"":false,""pop"":false}}","[{""promo"":""6 cajas por pallete en 90g"",""implementada"":false},{""promo"":""6 cajas por pallete en 225g"",""implementada"":false},{""promo"":""3 cajas por pallete en 1Kg"",""implementada"":false}]","[{""materiales"":""Stopper \""Hazlo con\"""",""alcance"":false},{""materiales"":""Display \""Es chido ser Leal\"""",""alcance"":false},{""materiales"":""Electo \""Aquí somos leales\"""",""alcance"":false}]","[{""material"":""Letrero plumón"",""pop"":false}]","[]",,,"X el momento esta completo y comenta Qe la venta es baja "
"66477eeaaf53ee9825a2c47a","PRO-01","2024-05-17T09:47:11-06:00","2024-05-17T09:59:36-06:00","IZT-0124","Comenta el cliente que se desplaza lento el producto y x lo tanto aun cuenta con Iberia ",false,false,"El producto de Iberia se encuentra exhibido en un buen lugar pero el encargado comenta que aun tiene producto poreso no ah realizado pedido ","Al pasar hacer la visita el encargado se muestra molesto, y me dice que x el momento así se queda qué aver para cuando Ace pedido. ","{""nombre"":""CHIPILO"",""productos"":{""gramos"":1000,""precio"":205,""hasPromo"":false}}","[{""promo"":""6 cajas por pallete en 90g"",""implementada"":false},{""promo"":""6 cajas por pallete en 225g"",""implementada"":false},{""promo"":""3 cajas por pallete en 1Kg"",""implementada"":false}]","[{""materiales"":""Stopper \""Hazlo con\"""",""alcance"":false},{""materiales"":""Display \""Es chido ser Leal\"""",""alcance"":false},{""materiales"":""Electo \""Aquí somos leales\"""",""alcance"":false}]","[{""material"":""Letrero plumón"",""pop"":false}]","[]",,,"Aun tiene producto "
"66477eeaaf53ee9825a2c47a","PRO-01","2024-05-17T09:47:11-06:00","2024-05-17T09:59:36-06:00","IZT-0124","Comenta el cliente que se desplaza lento el producto y x lo tanto aun cuenta con Iberia ",false,false,"El producto de Iberia se encuentra exhibido en un buen lugar pero el encargado comenta que aun tiene producto poreso no ah realizado pedido ","Al pasar hacer la visita el encargado se muestra molesto, y me dice que x el momento así se queda qué aver para cuando Ace pedido. ","{""nombre"":""GLORIA"",""productos"":{""gramos"":225,""precio"":32,""hasPromo"":false,""pop"":false}}","[{""promo"":""6 cajas por pallete en 90g"",""implementada"":false},{""promo"":""6 cajas por pallete en 225g"",""implementada"":false},{""promo"":""3 cajas por pallete en 1Kg"",""implementada"":false}]","[{""materiales"":""Stopper \""Hazlo con\"""",""alcance"":false},{""materiales"":""Display \""Es chido ser Leal\"""",""alcance"":false},{""materiales"":""Electo \""Aquí somos leales\"""",""alcance"":false}]","[{""material"":""Letrero plumón"",""pop"":false}]","[]",,,"Aun tiene producto "
"6647a3c30862413167740761","PRO-01","2024-05-17T12:33:32-06:00","2024-05-17T12:36:49-06:00","IZT-0105","Comenta el encargado que no trabaja otras marcas de margarina o mantequilla masque Iberia y chantilly",true,false,"Su proveedor es Piero y aun tiene producto ","Producto de Iberia exhibido en el mostrador ","{""nombre"":""CHANTILLY"",""productos"":{""gramos"":110,""precio"":196,""hasPromo"":false}}","[{""promo"":""6 cajas por pallete en 90g"",""implementada"":false},{""promo"":""6 cajas por pallete en 225g"",""implementada"":false},{""promo"":""3 cajas por pallete en 1Kg"",""implementada"":false}]","[{""materiales"":""Stopper \""Hazlo con\"""",""alcance"":false},{""materiales"":""Display \""Es chido ser Leal\"""",""alcance"":false},{""materiales"":""Electo \""Aquí somos leales\"""",""alcance"":false}]","[{""material"":""Letrero plumón"",""pop"":false}]","[]",,,"Producto en existencia "
"6647aaae3d1c8c4746afad13","PRO-01","2024-05-17T12:57:58-06:00","2024-05-17T13:06:19-06:00","IZT-0134","Pase a visitar la tienda y comenta el encargado que les surte su cedis qué es La Pastora de Puebla ",true,false,"Comenta el encargado que nos tendríamos que comunicar directamente con el cedis La pastora de Puebla y así ellos nos puedan comprar directamente. ","X lo antes mensionado, en esta bodega no podrían proporcionarnos notas de venta, ya que su cedis es quien les distribuye la mercansia y ellos como tal no hacen pedidos con ningún otro proveedor ","{""nombre"":""GLORIA"",""productos"":{""gramos"":90,""precio"":26,""hasPromo"":false}}","[{""promo"":""6 cajas por pallete en 90g"",""implementada"":false},{""promo"":""6 cajas por pallete en 225g"",""implementada"":false},{""promo"":""3 cajas por pallete en 1Kg"",""implementada"":false}]","[{""materiales"":""Stopper \""Hazlo con\"""",""alcance"":false},{""materiales"":""Display \""Es chido ser Leal\"""",""alcance"":false},{""materiales"":""Electo \""Aquí somos leales\"""",""alcance"":false}]","[{""material"":""Letrero plumón"",""pop"":false}]","[]",,,"Porque su cedis directo es La Pastora de Puebla "
"6647aaae3d1c8c4746afad13","PRO-01","2024-05-17T12:57:58-06:00","2024-05-17T13:06:19-06:00","IZT-0134","Pase a visitar la tienda y comenta el encargado que les surte su cedis qué es La Pastora de Puebla ",true,false,"Comenta el encargado que nos tendríamos que comunicar directamente con el cedis La pastora de Puebla y así ellos nos puedan comprar directamente. ","X lo antes mensionado, en esta bodega no podrían proporcionarnos notas de venta, ya que su cedis es quien les distribuye la mercansia y ellos como tal no hacen pedidos con ningún otro proveedor ","{""nombre"":""GLORIA"",""productos"":{""gramos"":1000,""precio"":226,""hasPromo"":false,""pop"":false}}","[{""promo"":""6 cajas por pallete en 90g"",""implementada"":false},{""promo"":""6 cajas por pallete en 225g"",""implementada"":false},{""promo"":""3 cajas por pallete en 1Kg"",""implementada"":false}]","[{""materiales"":""Stopper \""Hazlo con\"""",""alcance"":false},{""materiales"":""Display \""Es chido ser Leal\"""",""alcance"":false},{""materiales"":""Electo \""Aquí somos leales\"""",""alcance"":false}]","[{""material"":""Letrero plumón"",""pop"":false}]","[]",,,"Porque su cedis directo es La Pastora de Puebla "
"6647aaae3d1c8c4746afad13","PRO-01","2024-05-17T12:57:58-06:00","2024-05-17T13:06:19-06:00","IZT-0134","Pase a visitar la tienda y comenta el encargado que les surte su cedis qué es La Pastora de Puebla ",true,false,"Comenta el encargado que nos tendríamos que comunicar directamente con el cedis La pastora de Puebla y así ellos nos puedan comprar directamente. ","X lo antes mensionado, en esta bodega no podrían proporcionarnos notas de venta, ya que su cedis es quien les distribuye la mercansia y ellos como tal no hacen pedidos con ningún otro proveedor ","{""nombre"":""CHIPILO"",""productos"":{""gramos"":1000,""precio"":184,""hasPromo"":false,""pop"":false}}","[{""promo"":""6 cajas por pallete en 90g"",""implementada"":false},{""promo"":""6 cajas por pallete en 225g"",""implementada"":false},{""promo"":""3 cajas por pallete en 1Kg"",""implementada"":false}]","[{""materiales"":""Stopper \""Hazlo con\"""",""alcance"":false},{""materiales"":""Display \""Es chido ser Leal\"""",""alcance"":false},{""materiales"":""Electo \""Aquí somos leales\"""",""alcance"":false}]","[{""material"":""Letrero plumón"",""pop"":false}]","[]",,,"Porque su cedis directo es La Pastora de Puebla "
"6647aaae3d1c8c4746afad13","PRO-01","2024-05-17T12:57:58-06:00","2024-05-17T13:06:19-06:00","IZT-0134","Pase a visitar la tienda y comenta el encargado que les surte su cedis qué es La Pastora de Puebla ",true,false,"Comenta el encargado que nos tendríamos que comunicar directamente con el cedis La pastora de Puebla y así ellos nos puedan comprar directamente. ","X lo antes mensionado, en esta bodega no podrían proporcionarnos notas de venta, ya que su cedis es quien les distribuye la mercansia y ellos como tal no hacen pedidos con ningún otro proveedor ","{""nombre"":""FEITE"",""productos"":{""gramos"":1000,""precio"":71,""hasPromo"":false,""pop"":false}}","[{""promo"":""6 cajas por pallete en 90g"",""implementada"":false},{""promo"":""6 cajas por pallete en 225g"",""implementada"":false},{""promo"":""3 cajas por pallete en 1Kg"",""implementada"":false}]","[{""materiales"":""Stopper \""Hazlo con\"""",""alcance"":false},{""materiales"":""Display \""Es chido ser Leal\"""",""alcance"":false},{""materiales"":""Electo \""Aquí somos leales\"""",""alcance"":false}]","[{""material"":""Letrero plumón"",""pop"":false}]","[]",,,"Porque su cedis directo es La Pastora de Puebla "
"6647b018429f388360271a28","PRO-01","2024-05-17T13:20:47-06:00","2024-05-17T13:29:14-06:00","IZT-0128","Me canalizaron con el segundo encargado, fue muy accesible en poderme proporcionar lo requerido para poder entregarle su promoción ",true,false,"Tiene muy buena rotación el producto de Iberia x lo que aló largo de este mes a realizado varias compras ","Estoy en la espera de que la persona con la que hable que es el segundo encargado llamado Oscar, me proporcione las facturas de las compras qué ya realizo en este mes de mayo. El lunes me tendría las varias facturas de las compras qué ah echo, solo que el al primer encargado no le habían autorizado darme información. ","{""nombre"":""IBERIA"",""productos"":{""gramos"":1000,""precio"":855,""hasPromo"":false}}","[{""promo"":""6 cajas por pallete en 90g"",""implementada"":false},{""promo"":""6 cajas por pallete en 225g"",""implementada"":false},{""promo"":""3 cajas por pallete en 1Kg"",""implementada"":false}]","[{""materiales"":""Stopper \""Hazlo con\"""",""alcance"":false},{""materiales"":""Display \""Es chido ser Leal\"""",""alcance"":false},{""materiales"":""Electo \""Aquí somos leales\"""",""alcance"":false}]","[{""material"":""Letrero plumón"",""pop"":false}]","[]",,,"Acaba de acer una compra "
"6647b018429f388360271a28","PRO-01","2024-05-17T13:20:47-06:00","2024-05-17T13:29:14-06:00","IZT-0128","Me canalizaron con el segundo encargado, fue muy accesible en poderme proporcionar lo requerido para poder entregarle su promoción ",true,false,"Tiene muy buena rotación el producto de Iberia x lo que aló largo de este mes a realizado varias compras ","Estoy en la espera de que la persona con la que hable que es el segundo encargado llamado Oscar, me proporcione las facturas de las compras qué ya realizo en este mes de mayo. El lunes me tendría las varias facturas de las compras qué ah echo, solo que el al primer encargado no le habían autorizado darme información. ","{""nombre"":""IBERIA"",""productos"":{""gramos"":225,""precio"":225,""hasPromo"":false,""pop"":false}}","[{""promo"":""6 cajas por pallete en 90g"",""implementada"":false},{""promo"":""6 cajas por pallete en 225g"",""implementada"":false},{""promo"":""3 cajas por pallete en 1Kg"",""implementada"":false}]","[{""materiales"":""Stopper \""Hazlo con\"""",""alcance"":false},{""materiales"":""Display \""Es chido ser Leal\"""",""alcance"":false},{""materiales"":""Electo \""Aquí somos leales\"""",""alcance"":false}]","[{""material"":""Letrero plumón"",""pop"":false}]","[]",,,"Acaba de acer una compra "
"6647b018429f388360271a28","PRO-01","2024-05-17T13:20:47-06:00","2024-05-17T13:29:14-06:00","IZT-0128","Me canalizaron con el segundo encargado, fue muy accesible en poderme proporcionar lo requerido para poder entregarle su promoción ",true,false,"Tiene muy buena rotación el producto de Iberia x lo que aló largo de este mes a realizado varias compras ","Estoy en la espera de que la persona con la que hable que es el segundo encargado llamado Oscar, me proporcione las facturas de las compras qué ya realizo en este mes de mayo. El lunes me tendría las varias facturas de las compras qué ah echo, solo que el al primer encargado no le habían autorizado darme información. ","{""nombre"":""IBERIA"",""productos"":{""gramos"":90,""precio"":225,""hasPromo"":false,""pop"":false}}","[{""promo"":""6 cajas por pallete en 90g"",""implementada"":false},{""promo"":""6 cajas por pallete en 225g"",""implementada"":false},{""promo"":""3 cajas por pallete en 1Kg"",""implementada"":false}]","[{""materiales"":""Stopper \""Hazlo con\"""",""alcance"":false},{""materiales"":""Display \""Es chido ser Leal\"""",""alcance"":false},{""materiales"":""Electo \""Aquí somos leales\"""",""alcance"":false}]","[{""material"":""Letrero plumón"",""pop"":false}]","[]",,,"Acaba de acer una compra "
"6647b2fcc9e670f9d710f6cc","PRO-01","2024-05-17T13:38:58-06:00","2024-05-17T13:41:45-06:00","IZT-0131","Comenta el encargado que todo bien, la Iberia trae buena fecha de caducidad ya que la compra con Marga ",true,false,"Producto con buena rotacion ","Comenta el cliente que el día de mañana estaría realizando pedido ","{""nombre"":""IBERIA"",""productos"":{""gramos"":90,""precio"":195,""hasPromo"":false}}","[{""promo"":""6 cajas por pallete en 90g"",""implementada"":false},{""promo"":""6 cajas por pallete en 225g"",""implementada"":false},{""promo"":""3 cajas por pallete en 1Kg"",""implementada"":false}]","[{""materiales"":""Stopper \""Hazlo con\"""",""alcance"":false},{""materiales"":""Display \""Es chido ser Leal\"""",""alcance"":false},{""materiales"":""Electo \""Aquí somos leales\"""",""alcance"":false}]","[{""material"":""Letrero plumón"",""pop"":false}]","[]",,,"Aun tiene producto "
"6647b2fcc9e670f9d710f6cc","PRO-01","2024-05-17T13:38:58-06:00","2024-05-17T13:41:45-06:00","IZT-0131","Comenta el encargado que todo bien, la Iberia trae buena fecha de caducidad ya que la compra con Marga ",true,false,"Producto con buena rotacion ","Comenta el cliente que el día de mañana estaría realizando pedido ","{""nombre"":""IBERIA"",""productos"":{""gramos"":225,""precio"":185,""hasPromo"":false,""pop"":false}}","[{""promo"":""6 cajas por pallete en 90g"",""implementada"":false},{""promo"":""6 cajas por pallete en 225g"",""implementada"":false},{""promo"":""3 cajas por pallete en 1Kg"",""implementada"":false}]","[{""materiales"":""Stopper \""Hazlo con\"""",""alcance"":false},{""materiales"":""Display \""Es chido ser Leal\"""",""alcance"":false},{""materiales"":""Electo \""Aquí somos leales\"""",""alcance"":false}]","[{""material"":""Letrero plumón"",""pop"":false}]","[]",,,"Aun tiene producto "
"6647b2fcc9e670f9d710f6cc","PRO-01","2024-05-17T13:38:58-06:00","2024-05-17T13:41:45-06:00","IZT-0131","Comenta el encargado que todo bien, la Iberia trae buena fecha de caducidad ya que la compra con Marga ",true,false,"Producto con buena rotacion ","Comenta el cliente que el día de mañana estaría realizando pedido ","{""nombre"":""IBERIA"",""productos"":{""gramos"":1000,""precio"":700,""hasPromo"":false,""pop"":false}}","[{""promo"":""6 cajas por pallete en 90g"",""implementada"":false},{""promo"":""6 cajas por pallete en 225g"",""implementada"":false},{""promo"":""3 cajas por pallete en 1Kg"",""implementada"":false}]","[{""materiales"":""Stopper \""Hazlo con\"""",""alcance"":false},{""materiales"":""Display \""Es chido ser Leal\"""",""alcance"":false},{""materiales"":""Electo \""Aquí somos leales\"""",""alcance"":false}]","[{""material"":""Letrero plumón"",""pop"":false}]","[]",,,"Aun tiene producto "
"6647b62f55891ce36cfe199f","PRO-01","2024-05-17T13:52:46-06:00","2024-05-17T13:55:24-06:00","IZT-0123","Comenta el encargado que manejan puros productos de la marca
Chilchota ",false,false,"No está interesado en vender la marca de Iberia puesto que es exclusivo de Chilchota ","No es una bodega que maneja productos de Iberia y no le interesa xrke su marca exclusiva es Chilchota ","{""nombre"":""CHILCHOTA"",""productos"":{""gramos"":1000,""precio"":127,""hasPromo"":false}}","[{""promo"":""6 cajas por pallete en 90g"",""implementada"":false},{""promo"":""6 cajas por pallete en 225g"",""implementada"":false},{""promo"":""3 cajas por pallete en 1Kg"",""implementada"":false}]","[{""materiales"":""Stopper \""Hazlo con\"""",""alcance"":false},{""materiales"":""Display \""Es chido ser Leal\"""",""alcance"":false},{""materiales"":""Electo \""Aquí somos leales\"""",""alcance"":false}]","[]","[]",,,"Porque es marca exclusiva Chilchota "
"6647b62f55891ce36cfe199f","PRO-01","2024-05-17T13:52:46-06:00","2024-05-17T13:55:24-06:00","IZT-0123","Comenta el encargado que manejan puros productos de la marca
Chilchota ",false,false,"No está interesado en vender la marca de Iberia puesto que es exclusivo de Chilchota ","No es una bodega que maneja productos de Iberia y no le interesa xrke su marca exclusiva es Chilchota ","{""nombre"":""CHILCHOTA"",""productos"":{""gramos"":90,""precio"":13,""hasPromo"":false,""pop"":false}}","[{""promo"":""6 cajas por pallete en 90g"",""implementada"":false},{""promo"":""6 cajas por pallete en 225g"",""implementada"":false},{""promo"":""3 cajas por pallete en 1Kg"",""implementada"":false}]","[{""materiales"":""Stopper \""Hazlo con\"""",""alcance"":false},{""materiales"":""Display \""Es chido ser Leal\"""",""alcance"":false},{""materiales"":""Electo \""Aquí somos leales\"""",""alcance"":false}]","[]","[]",,,"Porque es marca exclusiva Chilchota "
"6647bacca5cc1e7cb1741207","PRO-01","2024-05-17T14:09:19-06:00","2024-05-17T14:15:06-06:00","IZT-0137","Comenta el encargado que aun tienen producto de Iberia ",true,false,"Tienen exhibido el producto de Iberia con buena visibilidad para el público ","Eh pasado a visitar constantemente pero el encargado comenta que aun tiene producto en existencia ","{""nombre"":""FEITE"",""productos"":{""gramos"":1000,""precio"":75,""hasPromo"":false}}","[{""promo"":""6 cajas por pallete en 90g"",""implementada"":false},{""promo"":""6 cajas por pallete en 225g"",""implementada"":false},{""promo"":""3 cajas por pallete en 1Kg"",""implementada"":false}]","[{""materiales"":""Stopper \""Hazlo con\"""",""alcance"":false},{""materiales"":""Display \""Es chido ser Leal\"""",""alcance"":false},{""materiales"":""Electo \""Aquí somos leales\"""",""alcance"":false}]","[{""material"":""Letrero plumón"",""pop"":false}]","[]",,,"Aun tiene producto "
"6647bacca5cc1e7cb1741207","PRO-01","2024-05-17T14:09:19-06:00","2024-05-17T14:15:06-06:00","IZT-0137","Comenta el encargado que aun tienen producto de Iberia ",true,false,"Tienen exhibido el producto de Iberia con buena visibilidad para el público ","Eh pasado a visitar constantemente pero el encargado comenta que aun tiene producto en existencia ","{""nombre"":""IBERIA"",""productos"":{""gramos"":1000,""precio"":90,""hasPromo"":false,""pop"":false}}","[{""promo"":""6 cajas por pallete en 90g"",""implementada"":false},{""promo"":""6 cajas por pallete en 225g"",""implementada"":false},{""promo"":""3 cajas por pallete en 1Kg"",""implementada"":false}]","[{""materiales"":""Stopper \""Hazlo con\"""",""alcance"":false},{""materiales"":""Display \""Es chido ser Leal\"""",""alcance"":false},{""materiales"":""Electo \""Aquí somos leales\"""",""alcance"":false}]","[{""material"":""Letrero plumón"",""pop"":false}]","[]",,,"Aun tiene producto "
"6647bacca5cc1e7cb1741207","PRO-01","2024-05-17T14:09:19-06:00","2024-05-17T14:15:06-06:00","IZT-0137","Comenta el encargado que aun tienen producto de Iberia ",true,false,"Tienen exhibido el producto de Iberia con buena visibilidad para el público ","Eh pasado a visitar constantemente pero el encargado comenta que aun tiene producto en existencia ","{""nombre"":""PRIMAVERA"",""productos"":{""gramos"":1000,""precio"":115,""hasPromo"":false,""pop"":false}}","[{""promo"":""6 cajas por pallete en 90g"",""implementada"":false},{""promo"":""6 cajas por pallete en 225g"",""implementada"":false},{""promo"":""3 cajas por pallete en 1Kg"",""implementada"":false}]","[{""materiales"":""Stopper \""Hazlo con\"""",""alcance"":false},{""materiales"":""Display \""Es chido ser Leal\"""",""alcance"":false},{""materiales"":""Electo \""Aquí somos leales\"""",""alcance"":false}]","[{""material"":""Letrero plumón"",""pop"":false}]","[]",,,"Aun tiene producto "
"6647be4e93f7b0fb9f6ff434","PRO-01","2024-05-17T14:24:55-06:00","2024-05-17T14:30:04-06:00","IZT-0142","Comenta la encargada qué aun tienen producto en existencia ",true,false,"El producto de Iberia se encuentra en un buen lugar exhibido ","Pase a de visita y aun tienen producto de Iberia ","{""nombre"":""IBERIA"",""productos"":{""gramos"":90,""precio"":205,""hasPromo"":false}}","[{""promo"":""6 cajas por pallete en 90g"",""implementada"":false},{""promo"":""6 cajas por pallete en 225g"",""implementada"":false},{""promo"":""3 cajas por pallete en 1Kg"",""implementada"":false}]","[{""materiales"":""Stopper \""Hazlo con\"""",""alcance"":false},{""materiales"":""Display \""Es chido ser Leal\"""",""alcance"":false},{""materiales"":""Electo \""Aquí somos leales\"""",""alcance"":false}]","[{""material"":""Letrero plumón"",""pop"":false}]","[]",,,"Aun tiene producto "
"6647be4e93f7b0fb9f6ff434","PRO-01","2024-05-17T14:24:55-06:00","2024-05-17T14:30:04-06:00","IZT-0142","Comenta la encargada qué aun tienen producto en existencia ",true,false,"El producto de Iberia se encuentra en un buen lugar exhibido ","Pase a de visita y aun tienen producto de Iberia ","{""nombre"":""IBERIA"",""productos"":{""gramos"":225,""precio"":193,""hasPromo"":false,""pop"":false}}","[{""promo"":""6 cajas por pallete en 90g"",""implementada"":false},{""promo"":""6 cajas por pallete en 225g"",""implementada"":false},{""promo"":""3 cajas por pallete en 1Kg"",""implementada"":false}]","[{""materiales"":""Stopper \""Hazlo con\"""",""alcance"":false},{""materiales"":""Display \""Es chido ser Leal\"""",""alcance"":false},{""materiales"":""Electo \""Aquí somos leales\"""",""alcance"":false}]","[{""material"":""Letrero plumón"",""pop"":false}]","[]",,,"Aun tiene producto "
"6647be4e93f7b0fb9f6ff434","PRO-01","2024-05-17T14:24:55-06:00","2024-05-17T14:30:04-06:00","IZT-0142","Comenta la encargada qué aun tienen producto en existencia ",true,false,"El producto de Iberia se encuentra en un buen lugar exhibido ","Pase a de visita y aun tienen producto de Iberia ","{""nombre"":""IBERIA"",""productos"":{""gramos"":1000,""precio"":83,""hasPromo"":false,""pop"":false}}","[{""promo"":""6 cajas por pallete en 90g"",""implementada"":false},{""promo"":""6 cajas por pallete en 225g"",""implementada"":false},{""promo"":""3 cajas por pallete en 1Kg"",""implementada"":false}]","[{""materiales"":""Stopper \""Hazlo con\"""",""alcance"":false},{""materiales"":""Display \""Es chido ser Leal\"""",""alcance"":false},{""materiales"":""Electo \""Aquí somos leales\"""",""alcance"":false}]","[{""material"":""Letrero plumón"",""pop"":false}]","[]",,,"Aun tiene producto "
"6647be4e93f7b0fb9f6ff434","PRO-01","2024-05-17T14:24:55-06:00","2024-05-17T14:30:04-06:00","IZT-0142","Comenta la encargada qué aun tienen producto en existencia ",true,false,"El producto de Iberia se encuentra en un buen lugar exhibido ","Pase a de visita y aun tienen producto de Iberia ","{""nombre"":""CHIPILO"",""productos"":{""gramos"":1000,""precio"":1439,""hasPromo"":false,""pop"":false}}","[{""promo"":""6 cajas por pallete en 90g"",""implementada"":false},{""promo"":""6 cajas por pallete en 225g"",""implementada"":false},{""promo"":""3 cajas por pallete en 1Kg"",""implementada"":false}]","[{""materiales"":""Stopper \""Hazlo con\"""",""alcance"":false},{""materiales"":""Display \""Es chido ser Leal\"""",""alcance"":false},{""materiales"":""Electo \""Aquí somos leales\"""",""alcance"":false}]","[{""material"":""Letrero plumón"",""pop"":false}]","[]",,,"Aun tiene producto "
"6647be4e93f7b0fb9f6ff434","PRO-01","2024-05-17T14:24:55-06:00","2024-05-17T14:30:04-06:00","IZT-0142","Comenta la encargada qué aun tienen producto en existencia ",true,false,"El producto de Iberia se encuentra en un buen lugar exhibido ","Pase a de visita y aun tienen producto de Iberia ","{""nombre"":""CHIPILO"",""productos"":{""gramos"":90,""precio"":374,""hasPromo"":false,""pop"":false}}","[{""promo"":""6 cajas por pallete en 90g"",""implementada"":false},{""promo"":""6 cajas por pallete en 225g"",""implementada"":false},{""promo"":""3 cajas por pallete en 1Kg"",""implementada"":false}]","[{""materiales"":""Stopper \""Hazlo con\"""",""alcance"":false},{""materiales"":""Display \""Es chido ser Leal\"""",""alcance"":false},{""materiales"":""Electo \""Aquí somos leales\"""",""alcance"":false}]","[{""material"":""Letrero plumón"",""pop"":false}]","[]",,,"Aun tiene producto "
"6648f3d5952d2ba057e90b8f","PRO-01","2024-05-18T12:25:53-06:00","2024-05-18T12:30:33-06:00","IZT-0136","El producto de Iberia se encuentra exhibido en el mostrador pero tiene poca rotación e poreso qué no Ace pedido tan seguido ",false,false,"A cada visita eso es lo que cometa que aun tiene producto ","Solo 1 vez me a entregado nota de compra y solo fue x 5 cajas de 1 kg y a la fecha comenta la encargada qué aun tiene producto ","{""nombre"":""IBERIA"",""productos"":{""gramos"":90,""precio"":245,""hasPromo"":false}}","[{""promo"":""6 cajas por pallete en 90g"",""implementada"":false},{""promo"":""6 cajas por pallete en 225g"",""implementada"":false},{""promo"":""3 cajas por pallete en 1Kg"",""implementada"":false}]","[{""materiales"":""Stopper \""Hazlo con\"""",""alcance"":false},{""materiales"":""Display \""Es chido ser Leal\"""",""alcance"":false},{""materiales"":""Electo \""Aquí somos leales\"""",""alcance"":false}]","[{""material"":""Letrero plumón"",""pop"":false}]","[]",,,"Aun tiene producto "
"6648f3d5952d2ba057e90b8f","PRO-01","2024-05-18T12:25:53-06:00","2024-05-18T12:30:33-06:00","IZT-0136","El producto de Iberia se encuentra exhibido en el mostrador pero tiene poca rotación e poreso qué no Ace pedido tan seguido ",false,false,"A cada visita eso es lo que cometa que aun tiene producto ","Solo 1 vez me a entregado nota de compra y solo fue x 5 cajas de 1 kg y a la fecha comenta la encargada qué aun tiene producto ","{""nombre"":""IBERIA"",""productos"":{""gramos"":225,""precio"":235,""hasPromo"":false,""pop"":false}}","[{""promo"":""6 cajas por pallete en 90g"",""implementada"":false},{""promo"":""6 cajas por pallete en 225g"",""implementada"":false},{""promo"":""3 cajas por pallete en 1Kg"",""implementada"":false}]","[{""materiales"":""Stopper \""Hazlo con\"""",""alcance"":false},{""materiales"":""Display \""Es chido ser Leal\"""",""alcance"":false},{""materiales"":""Electo \""Aquí somos leales\"""",""alcance"":false}]","[{""material"":""Letrero plumón"",""pop"":false}]","[]",,,"Aun tiene producto "
"6648f3d5952d2ba057e90b8f","PRO-01","2024-05-18T12:25:53-06:00","2024-05-18T12:30:33-06:00","IZT-0136","El producto de Iberia se encuentra exhibido en el mostrador pero tiene poca rotación e poreso qué no Ace pedido tan seguido ",false,false,"A cada visita eso es lo que cometa que aun tiene producto ","Solo 1 vez me a entregado nota de compra y solo fue x 5 cajas de 1 kg y a la fecha comenta la encargada qué aun tiene producto ","{""nombre"":""IBERIA"",""productos"":{""gramos"":1000,""precio"":800,""hasPromo"":false,""pop"":false}}","[{""promo"":""6 cajas por pallete en 90g"",""implementada"":false},{""promo"":""6 cajas por pallete en 225g"",""implementada"":false},{""promo"":""3 cajas por pallete en 1Kg"",""implementada"":false}]","[{""materiales"":""Stopper \""Hazlo con\"""",""alcance"":false},{""materiales"":""Display \""Es chido ser Leal\"""",""alcance"":false},{""materiales"":""Electo \""Aquí somos leales\"""",""alcance"":false}]","[{""material"":""Letrero plumón"",""pop"":false}]","[]",,,"Aun tiene producto "
"6648f522952d2ba057e90b91","PRO-01","2024-05-18T12:31:29-06:00","2024-05-18T12:36:06-06:00","IZT-0140","Tienen en un muy buen lugar exhibido el producto de Iberia en sus diferentes precentaciones ",false,false,"Es muy lenta la rotación x lo que el cliente compra esporádicamente en poco volumen ","Comenta el cliente que aun tiene mercansia y le interesa comorar un palet de 1 kg pero cuando le sea posible ","{""nombre"":""CHIPILO"",""productos"":{""gramos"":1000,""precio"":170,""hasPromo"":false}}","[{""promo"":""6 cajas por pallete en 90g"",""implementada"":false},{""promo"":""6 cajas por pallete en 225g"",""implementada"":false},{""promo"":""3 cajas por pallete en 1Kg"",""implementada"":false}]","[{""materiales"":""Stopper \""Hazlo con\"""",""alcance"":false},{""materiales"":""Display \""Es chido ser Leal\"""",""alcance"":false},{""materiales"":""Electo \""Aquí somos leales\"""",""alcance"":false}]","[{""material"":""Letrero plumón"",""pop"":false}]","[]",,,"Porke aun tiene producto "
"6648f522952d2ba057e90b91","PRO-01","2024-05-18T12:31:29-06:00","2024-05-18T12:36:06-06:00","IZT-0140","Tienen en un muy buen lugar exhibido el producto de Iberia en sus diferentes precentaciones ",false,false,"Es muy lenta la rotación x lo que el cliente compra esporádicamente en poco volumen ","Comenta el cliente que aun tiene mercansia y le interesa comorar un palet de 1 kg pero cuando le sea posible ","{""nombre"":""CHILCHOTA"",""productos"":{""gramos"":1000,""precio"":140,""hasPromo"":false,""pop"":false}}","[{""promo"":""6 cajas por pallete en 90g"",""implementada"":false},{""promo"":""6 cajas por pallete en 225g"",""implementada"":false},{""promo"":""3 cajas por pallete en 1Kg"",""implementada"":false}]","[{""materiales"":""Stopper \""Hazlo con\"""",""alcance"":false},{""materiales"":""Display \""Es chido ser Leal\"""",""alcance"":false},{""materiales"":""Electo \""Aquí somos leales\"""",""alcance"":false}]","[{""material"":""Letrero plumón"",""pop"":false}]","[]",,,"Porke aun tiene producto "
"6648f522952d2ba057e90b91","PRO-01","2024-05-18T12:31:29-06:00","2024-05-18T12:36:06-06:00","IZT-0140","Tienen en un muy buen lugar exhibido el producto de Iberia en sus diferentes precentaciones ",false,false,"Es muy lenta la rotación x lo que el cliente compra esporádicamente en poco volumen ","Comenta el cliente que aun tiene mercansia y le interesa comorar un palet de 1 kg pero cuando le sea posible ","{""nombre"":""GLORIA"",""productos"":{""gramos"":1000,""precio"":205,""hasPromo"":false,""pop"":false}}","[{""promo"":""6 cajas por pallete en 90g"",""implementada"":false},{""promo"":""6 cajas por pallete en 225g"",""implementada"":false},{""promo"":""3 cajas por pallete en 1Kg"",""implementada"":false}]","[{""materiales"":""Stopper \""Hazlo con\"""",""alcance"":false},{""materiales"":""Display \""Es chido ser Leal\"""",""alcance"":false},{""materiales"":""Electo \""Aquí somos leales\"""",""alcance"":false}]","[{""material"":""Letrero plumón"",""pop"":false}]","[]",,,"Porke aun tiene producto "
"6648f6a8952d2ba057e90b93","PRO-01","2024-05-18T12:39:13-06:00","2024-05-18T12:42:46-06:00","IZT-0119","A pesar de que las visitas son constantes el cliente comenta que x el moemento tiene producto ",false,false,"Esta exhibido el producto de Iberia en el mostrador ","Tiene dsd el 24 de mayo que x lo regular a diario le hago visita y comenta que no ah levantado pedido porque aun tiene producto ","{""nombre"":""IBERIA"",""productos"":{""gramos"":90,""precio"":240,""hasPromo"":false}}","[{""promo"":""6 cajas por pallete en 90g"",""implementada"":false},{""promo"":""6 cajas por pallete en 225g"",""implementada"":false},{""promo"":""3 cajas por pallete en 1Kg"",""implementada"":false}]","[{""materiales"":""Stopper \""Hazlo con\"""",""alcance"":false},{""materiales"":""Display \""Es chido ser Leal\"""",""alcance"":false},{""materiales"":""Electo \""Aquí somos leales\"""",""alcance"":false}]","[{""material"":""Letrero plumón"",""pop"":false}]","[]",,,"Aun tiene producto "
"6648f6a8952d2ba057e90b93","PRO-01","2024-05-18T12:39:13-06:00","2024-05-18T12:42:46-06:00","IZT-0119","A pesar de que las visitas son constantes el cliente comenta que x el moemento tiene producto ",false,false,"Esta exhibido el producto de Iberia en el mostrador ","Tiene dsd el 24 de mayo que x lo regular a diario le hago visita y comenta que no ah levantado pedido porque aun tiene producto ","{""nombre"":""IBERIA"",""productos"":{""gramos"":225,""precio"":235,""hasPromo"":false,""pop"":false}}","[{""promo"":""6 cajas por pallete en 90g"",""implementada"":false},{""promo"":""6 cajas por pallete en 225g"",""implementada"":false},{""promo"":""3 cajas por pallete en 1Kg"",""implementada"":false}]","[{""materiales"":""Stopper \""Hazlo con\"""",""alcance"":false},{""materiales"":""Display \""Es chido ser Leal\"""",""alcance"":false},{""materiales"":""Electo \""Aquí somos leales\"""",""alcance"":false}]","[{""material"":""Letrero plumón"",""pop"":false}]","[]",,,"Aun tiene producto "
"6648f6a8952d2ba057e90b93","PRO-01","2024-05-18T12:39:13-06:00","2024-05-18T12:42:46-06:00","IZT-0119","A pesar de que las visitas son constantes el cliente comenta que x el moemento tiene producto ",false,false,"Esta exhibido el producto de Iberia en el mostrador ","Tiene dsd el 24 de mayo que x lo regular a diario le hago visita y comenta que no ah levantado pedido porque aun tiene producto ","{""nombre"":""IBERIA"",""productos"":{""gramos"":1000,""precio"":88,""hasPromo"":false,""pop"":false}}","[{""promo"":""6 cajas por pallete en 90g"",""implementada"":false},{""promo"":""6 cajas por pallete en 225g"",""implementada"":false},{""promo"":""3 cajas por pallete en 1Kg"",""implementada"":false}]","[{""materiales"":""Stopper \""Hazlo con\"""",""alcance"":false},{""materiales"":""Display \""Es chido ser Leal\"""",""alcance"":false},{""materiales"":""Electo \""Aquí somos leales\"""",""alcance"":false}]","[{""material"":""Letrero plumón"",""pop"":false}]","[]",,,"Aun tiene producto "
"6648f8b5b5ec87f5a7dd54ca","PRO-01","2024-05-18T12:45:54-06:00","2024-05-18T12:51:20-06:00","IZT-0130","El producto de Iberia se ve exhibido en el mostrador pero dsd el 24 de mayo paso a visitarles comentando como estamos de producto Iberia y comenta el encargado que aun tiene producto y que aorita x el calor se le hace fea la margarina qué poreso no ah comprado ",false,false,"Es poreso que no hay ninguna nota de compra de esta bodega x lo comentado en el apartado anterior ","Paso hacer la visita y se muestran molestos y de inmediato me dicen Qe así se quedan qué aún no requieren de mercansia Iberia ","{""nombre"":""IBERIA"",""productos"":{""gramos"":90,""precio"":304,""hasPromo"":false}}","[{""promo"":""6 cajas por pallete en 90g"",""implementada"":false},{""promo"":""6 cajas por pallete en 225g"",""implementada"":false},{""promo"":""3 cajas por pallete en 1Kg"",""implementada"":false}]","[{""materiales"":""Stopper \""Hazlo con\"""",""alcance"":false},{""materiales"":""Display \""Es chido ser Leal\"""",""alcance"":false},{""materiales"":""Electo \""Aquí somos leales\"""",""alcance"":false}]","[{""material"":""Letrero plumón"",""pop"":false}]","[]",,,"Aun tiene producto "
"6648f8b5b5ec87f5a7dd54ca","PRO-01","2024-05-18T12:45:54-06:00","2024-05-18T12:51:20-06:00","IZT-0130","El producto de Iberia se ve exhibido en el mostrador pero dsd el 24 de mayo paso a visitarles comentando como estamos de producto Iberia y comenta el encargado que aun tiene producto y que aorita x el calor se le hace fea la margarina qué poreso no ah comprado ",false,false,"Es poreso que no hay ninguna nota de compra de esta bodega x lo comentado en el apartado anterior ","Paso hacer la visita y se muestran molestos y de inmediato me dicen Qe así se quedan qué aún no requieren de mercansia Iberia ","{""nombre"":""IBERIA"",""productos"":{""gramos"":225,""precio"":264,""hasPromo"":false,""pop"":false}}","[{""promo"":""6 cajas por pallete en 90g"",""implementada"":false},{""promo"":""6 cajas por pallete en 225g"",""implementada"":false},{""promo"":""3 cajas por pallete en 1Kg"",""implementada"":false}]","[{""materiales"":""Stopper \""Hazlo con\"""",""alcance"":false},{""materiales"":""Display \""Es chido ser Leal\"""",""alcance"":false},{""materiales"":""Electo \""Aquí somos leales\"""",""alcance"":false}]","[{""material"":""Letrero plumón"",""pop"":false}]","[]",,,"Aun tiene producto "
"6648f8b5b5ec87f5a7dd54ca","PRO-01","2024-05-18T12:45:54-06:00","2024-05-18T12:51:20-06:00","IZT-0130","El producto de Iberia se ve exhibido en el mostrador pero dsd el 24 de mayo paso a visitarles comentando como estamos de producto Iberia y comenta el encargado que aun tiene producto y que aorita x el calor se le hace fea la margarina qué poreso no ah comprado ",false,false,"Es poreso que no hay ninguna nota de compra de esta bodega x lo comentado en el apartado anterior ","Paso hacer la visita y se muestran molestos y de inmediato me dicen Qe así se quedan qué aún no requieren de mercansia Iberia ","{""nombre"":""IBERIA"",""productos"":{""gramos"":1000,""precio"":935,""hasPromo"":false,""pop"":false}}","[{""promo"":""6 cajas por pallete en 90g"",""implementada"":false},{""promo"":""6 cajas por pallete en 225g"",""implementada"":false},{""promo"":""3 cajas por pallete en 1Kg"",""implementada"":false}]","[{""materiales"":""Stopper \""Hazlo con\"""",""alcance"":false},{""materiales"":""Display \""Es chido ser Leal\"""",""alcance"":false},{""materiales"":""Electo \""Aquí somos leales\"""",""alcance"":false}]","[{""material"":""Letrero plumón"",""pop"":false}]","[]",,,"Aun tiene producto "
"6650cba5f5dfa97d29b59bd0","PRO-01","2024-05-24T11:11:10-06:00","2024-05-24T11:17:22-06:00","IZT-0132","No aplica",true,false,"Hoy no compra porque le acaba de llegar mercansia ","No aplica x falta de material pop ","{""nombre"":""IBERIA"",""productos"":{""gramos"":""90 G"",""precio"":240,""hasPromo"":false}}","[{""promo"":""6 cajas por pallete en 90g"",""implementada"":false},{""promo"":""6 cajas por pallete en 225g"",""implementada"":false},{""promo"":""3 cajas por pallete en 1Kg"",""implementada"":true}]","[{""materiales"":""Stopper \""Hazlo con\"""",""alcance"":false},{""materiales"":""Display \""Es chido ser Leal\"""",""alcance"":false},{""materiales"":""Electo \""Aquí somos leales\"""",""alcance"":false}]","[{""material"":""LETRERO PLUMÓN"",""pop"":false}]","[]",,,"INVENTARIOS"
"6656331a46208adf17caa523","PRO-01","2024-05-28T10:45:16-06:00","2024-05-28T13:40:07-06:00","IZT-0131","Tiene buen precio en la mantequilla Iberia ",true,true,"El cliente x lo regular compra esta cantidad de cjs
Argumentando qe no compra más x la calor y la margarina se le hace fea y prefiere estar comprando poco volumen. ","Si aplica ","{""nombre"":""IBERIA"",""productos"":{""gramos"":""90 G"",""precio"":195,""hasPromo"":false}}","[{""promo"":""6 cajas por pallete en 90g"",""implementada"":false},{""promo"":""6 cajas por pallete en 225g"",""implementada"":false},{""promo"":""3 cajas por pallete en 1Kg"",""implementada"":false}]","[{""materiales"":""Stopper \""Hazlo con\"""",""alcance"":false},{""materiales"":""Display \""Es chido ser Leal\"""",""alcance"":false},{""materiales"":""Electo \""Aquí somos leales\"""",""alcance"":false}]","[{""material"":""POSTER 1"",""pop"":false}]","[]","DIST. MARGA","{""producto"":""Iberia 225g"",""cajas"":50}",
"6656331a46208adf17caa523","PRO-01","2024-05-28T10:45:16-06:00","2024-05-28T13:40:07-06:00","IZT-0131","Tiene buen precio en la mantequilla Iberia ",true,true,"El cliente x lo regular compra esta cantidad de cjs
Argumentando qe no compra más x la calor y la margarina se le hace fea y prefiere estar comprando poco volumen. ","Si aplica ","{""nombre"":""IBERIA"",""productos"":{""gramos"":""90 G"",""precio"":195,""hasPromo"":false}}","[{""promo"":""6 cajas por pallete en 90g"",""implementada"":false},{""promo"":""6 cajas por pallete en 225g"",""implementada"":false},{""promo"":""3 cajas por pallete en 1Kg"",""implementada"":false}]","[{""materiales"":""Stopper \""Hazlo con\"""",""alcance"":false},{""materiales"":""Display \""Es chido ser Leal\"""",""alcance"":false},{""materiales"":""Electo \""Aquí somos leales\"""",""alcance"":false}]","[{""material"":""POSTER 1"",""pop"":false}]","[]","DIST. MARGA","{""producto"":""Iberia 90g"",""cajas"":50}",
"6656331a46208adf17caa523","PRO-01","2024-05-28T10:45:16-06:00","2024-05-28T13:40:07-06:00","IZT-0131","Tiene buen precio en la mantequilla Iberia ",true,true,"El cliente x lo regular compra esta cantidad de cjs
Argumentando qe no compra más x la calor y la margarina se le hace fea y prefiere estar comprando poco volumen. ","Si aplica ","{""nombre"":""IBERIA"",""productos"":{""gramos"":""225 G"",""precio"":176,""hasPromo"":false}}","[{""promo"":""6 cajas por pallete en 90g"",""implementada"":false},{""promo"":""6 cajas por pallete en 225g"",""implementada"":false},{""promo"":""3 cajas por pallete en 1Kg"",""implementada"":false}]","[{""materiales"":""Stopper \""Hazlo con\"""",""alcance"":false},{""materiales"":""Display \""Es chido ser Leal\"""",""alcance"":false},{""materiales"":""Electo \""Aquí somos leales\"""",""alcance"":false}]","[{""material"":""POSTER 1"",""pop"":false}]","[]","DIST. MARGA","{""producto"":""Iberia 225g"",""cajas"":50}",
"6656331a46208adf17caa523","PRO-01","2024-05-28T10:45:16-06:00","2024-05-28T13:40:07-06:00","IZT-0131","Tiene buen precio en la mantequilla Iberia ",true,true,"El cliente x lo regular compra esta cantidad de cjs
Argumentando qe no compra más x la calor y la margarina se le hace fea y prefiere estar comprando poco volumen. ","Si aplica ","{""nombre"":""IBERIA"",""productos"":{""gramos"":""225 G"",""precio"":176,""hasPromo"":false}}","[{""promo"":""6 cajas por pallete en 90g"",""implementada"":false},{""promo"":""6 cajas por pallete en 225g"",""implementada"":false},{""promo"":""3 cajas por pallete en 1Kg"",""implementada"":false}]","[{""materiales"":""Stopper \""Hazlo con\"""",""alcance"":false},{""materiales"":""Display \""Es chido ser Leal\"""",""alcance"":false},{""materiales"":""Electo \""Aquí somos leales\"""",""alcance"":false}]","[{""material"":""POSTER 1"",""pop"":false}]","[]","DIST. MARGA","{""producto"":""Iberia 90g"",""cajas"":50}",
"6656331a46208adf17caa523","PRO-01","2024-05-28T10:45:16-06:00","2024-05-28T13:40:07-06:00","IZT-0131","Tiene buen precio en la mantequilla Iberia ",true,true,"El cliente x lo regular compra esta cantidad de cjs
Argumentando qe no compra más x la calor y la margarina se le hace fea y prefiere estar comprando poco volumen. ","Si aplica ","{""nombre"":""IBERIA"",""productos"":{""gramos"":""1 KG"",""precio"":700,""hasPromo"":false}}","[{""promo"":""6 cajas por pallete en 90g"",""implementada"":false},{""promo"":""6 cajas por pallete en 225g"",""implementada"":false},{""promo"":""3 cajas por pallete en 1Kg"",""implementada"":false}]","[{""materiales"":""Stopper \""Hazlo con\"""",""alcance"":false},{""materiales"":""Display \""Es chido ser Leal\"""",""alcance"":false},{""materiales"":""Electo \""Aquí somos leales\"""",""alcance"":false}]","[{""material"":""POSTER 1"",""pop"":false}]","[]","DIST. MARGA","{""producto"":""Iberia 225g"",""cajas"":50}",
"6656331a46208adf17caa523","PRO-01","2024-05-28T10:45:16-06:00","2024-05-28T13:40:07-06:00","IZT-0131","Tiene buen precio en la mantequilla Iberia ",true,true,"El cliente x lo regular compra esta cantidad de cjs
Argumentando qe no compra más x la calor y la margarina se le hace fea y prefiere estar comprando poco volumen. ","Si aplica ","{""nombre"":""IBERIA"",""productos"":{""gramos"":""1 KG"",""precio"":700,""hasPromo"":false}}","[{""promo"":""6 cajas por pallete en 90g"",""implementada"":false},{""promo"":""6 cajas por pallete en 225g"",""implementada"":false},{""promo"":""3 cajas por pallete en 1Kg"",""implementada"":false}]","[{""materiales"":""Stopper \""Hazlo con\"""",""alcance"":false},{""materiales"":""Display \""Es chido ser Leal\"""",""alcance"":false},{""materiales"":""Electo \""Aquí somos leales\"""",""alcance"":false}]","[{""material"":""POSTER 1"",""pop"":false}]","[]","DIST. MARGA","{""producto"":""Iberia 90g"",""cajas"":50}",
"6656331a46208adf17caa523","PRO-01","2024-05-28T10:45:16-06:00","2024-05-28T13:40:07-06:00","IZT-0131","Tiene buen precio en la mantequilla Iberia ",true,true,"El cliente x lo regular compra esta cantidad de cjs
Argumentando qe no compra más x la calor y la margarina se le hace fea y prefiere estar comprando poco volumen. ","Si aplica ","{""nombre"":""GLORIA"",""productos"":{""gramos"":""1 KG"",""precio"":191,""hasPromo"":false}}","[{""promo"":""6 cajas por pallete en 90g"",""implementada"":false},{""promo"":""6 cajas por pallete en 225g"",""implementada"":false},{""promo"":""3 cajas por pallete en 1Kg"",""implementada"":false}]","[{""materiales"":""Stopper \""Hazlo con\"""",""alcance"":false},{""materiales"":""Display \""Es chido ser Leal\"""",""alcance"":false},{""materiales"":""Electo \""Aquí somos leales\"""",""alcance"":false}]","[{""material"":""POSTER 1"",""pop"":false}]","[]","DIST. MARGA","{""producto"":""Iberia 225g"",""cajas"":50}",
"6656331a46208adf17caa523","PRO-01","2024-05-28T10:45:16-06:00","2024-05-28T13:40:07-06:00","IZT-0131","Tiene buen precio en la mantequilla Iberia ",true,true,"El cliente x lo regular compra esta cantidad de cjs
Argumentando qe no compra más x la calor y la margarina se le hace fea y prefiere estar comprando poco volumen. ","Si aplica ","{""nombre"":""GLORIA"",""productos"":{""gramos"":""1 KG"",""precio"":191,""hasPromo"":false}}","[{""promo"":""6 cajas por pallete en 90g"",""implementada"":false},{""promo"":""6 cajas por pallete en 225g"",""implementada"":false},{""promo"":""3 cajas por pallete en 1Kg"",""implementada"":false}]","[{""materiales"":""Stopper \""Hazlo con\"""",""alcance"":false},{""materiales"":""Display \""Es chido ser Leal\"""",""alcance"":false},{""materiales"":""Electo \""Aquí somos leales\"""",""alcance"":false}]","[{""material"":""POSTER 1"",""pop"":false}]","[]","DIST. MARGA","{""producto"":""Iberia 90g"",""cajas"":50}",
"6656331a46208adf17caa523","PRO-01","2024-05-28T10:45:16-06:00","2024-05-28T13:40:07-06:00","IZT-0131","Tiene buen precio en la mantequilla Iberia ",true,true,"El cliente x lo regular compra esta cantidad de cjs
Argumentando qe no compra más x la calor y la margarina se le hace fea y prefiere estar comprando poco volumen. ","Si aplica ","{""nombre"":""GLORIA"",""productos"":{""gramos"":""225 G"",""precio"":55,""hasPromo"":false}}","[{""promo"":""6 cajas por pallete en 90g"",""implementada"":false},{""promo"":""6 cajas por pallete en 225g"",""implementada"":false},{""promo"":""3 cajas por pallete en 1Kg"",""implementada"":false}]","[{""materiales"":""Stopper \""Hazlo con\"""",""alcance"":false},{""materiales"":""Display \""Es chido ser Leal\"""",""alcance"":false},{""materiales"":""Electo \""Aquí somos leales\"""",""alcance"":false}]","[{""material"":""POSTER 1"",""pop"":false}]","[]","DIST. MARGA","{""producto"":""Iberia 225g"",""cajas"":50}",
"6656331a46208adf17caa523","PRO-01","2024-05-28T10:45:16-06:00","2024-05-28T13:40:07-06:00","IZT-0131","Tiene buen precio en la mantequilla Iberia ",true,true,"El cliente x lo regular compra esta cantidad de cjs
Argumentando qe no compra más x la calor y la margarina se le hace fea y prefiere estar comprando poco volumen. ","Si aplica ","{""nombre"":""GLORIA"",""productos"":{""gramos"":""225 G"",""precio"":55,""hasPromo"":false}}","[{""promo"":""6 cajas por pallete en 90g"",""implementada"":false},{""promo"":""6 cajas por pallete en 225g"",""implementada"":false},{""promo"":""3 cajas por pallete en 1Kg"",""implementada"":false}]","[{""materiales"":""Stopper \""Hazlo con\"""",""alcance"":false},{""materiales"":""Display \""Es chido ser Leal\"""",""alcance"":false},{""materiales"":""Electo \""Aquí somos leales\"""",""alcance"":false}]","[{""material"":""POSTER 1"",""pop"":false}]","[]","DIST. MARGA","{""producto"":""Iberia 90g"",""cajas"":50}",
"6656331a46208adf17caa523","PRO-01","2024-05-28T10:45:16-06:00","2024-05-28T13:40:07-06:00","IZT-0131","Tiene buen precio en la mantequilla Iberia ",true,true,"El cliente x lo regular compra esta cantidad de cjs
Argumentando qe no compra más x la calor y la margarina se le hace fea y prefiere estar comprando poco volumen. ","Si aplica ","{""nombre"":""GLORIA"",""productos"":{""gramos"":""90 G"",""precio"":89,""hasPromo"":false}}","[{""promo"":""6 cajas por pallete en 90g"",""implementada"":false},{""promo"":""6 cajas por pallete en 225g"",""implementada"":false},{""promo"":""3 cajas por pallete en 1Kg"",""implementada"":false}]","[{""materiales"":""Stopper \""Hazlo con\"""",""alcance"":false},{""materiales"":""Display \""Es chido ser Leal\"""",""alcance"":false},{""materiales"":""Electo \""Aquí somos leales\"""",""alcance"":false}]","[{""material"":""POSTER 1"",""pop"":false}]","[]","DIST. MARGA","{""producto"":""Iberia 225g"",""cajas"":50}",
"6656331a46208adf17caa523","PRO-01","2024-05-28T10:45:16-06:00","2024-05-28T13:40:07-06:00","IZT-0131","Tiene buen precio en la mantequilla Iberia ",true,true,"El cliente x lo regular compra esta cantidad de cjs
Argumentando qe no compra más x la calor y la margarina se le hace fea y prefiere estar comprando poco volumen. ","Si aplica ","{""nombre"":""GLORIA"",""productos"":{""gramos"":""90 G"",""precio"":89,""hasPromo"":false}}","[{""promo"":""6 cajas por pallete en 90g"",""implementada"":false},{""promo"":""6 cajas por pallete en 225g"",""implementada"":false},{""promo"":""3 cajas por pallete en 1Kg"",""implementada"":false}]","[{""materiales"":""Stopper \""Hazlo con\"""",""alcance"":false},{""materiales"":""Display \""Es chido ser Leal\"""",""alcance"":false},{""materiales"":""Electo \""Aquí somos leales\"""",""alcance"":false}]","[{""material"":""POSTER 1"",""pop"":false}]","[]","DIST. MARGA","{""producto"":""Iberia 90g"",""cajas"":50}",
"6657639185518138dcfe8756","PRO-01","2024-05-29T11:11:34-06:00","2024-05-29T11:19:11-06:00","IZT-0131","En esta bodega la mercansia tiene muy buena rotación ",true,true,"El cliente comenta qe prefiere qw así como compre también venda el producto Qe su rotación sea rápida e ir pidiendo conforme lo necesite ","Si aplica ","{""nombre"":""IBERIA"",""productos"":{""gramos"":""1 KG"",""precio"":700,""hasPromo"":false}}","[{""promo"":""6 cajas por pallete en 90g"",""implementada"":false},{""promo"":""6 cajas por pallete en 225g"",""implementada"":false},{""promo"":""3 cajas por pallete en 1Kg"",""implementada"":false}]","[{""materiales"":""Stopper \""Hazlo con\"""",""alcance"":false},{""materiales"":""Display \""Es chido ser Leal\"""",""alcance"":false},{""materiales"":""Electo \""Aquí somos leales\"""",""alcance"":false}]","[{""material"":""LETRERO PLUMÓN"",""pop"":true}]","[]","DIST. MARGA","{""producto"":""Iberia 1Kg"",""cajas"":10,""promocion"":true,""puntos"":1000,""objetivo"":100}",
"66579bdbb765f9349ce7c13d","PRO-01","2024-05-29T14:59:08-06:00","2024-05-29T15:19:20-06:00","IZT-0105","El material pop quedo exhibido ",true,true,"El encargado de lucero 1 me mando a lucero 2 Qe aquí en esta bodega llega la mercansia ","Si aplica","{""nombre"":""IBERIA"",""productos"":{""gramos"":""90 G"",""precio"":240,""hasPromo"":false}}","[{""promo"":""6 cajas por pallete en 90g"",""implementada"":false},{""promo"":""6 cajas por pallete en 225g"",""implementada"":false},{""promo"":""3 cajas por pallete en 1Kg"",""implementada"":false}]","[{""materiales"":""Stopper \""Hazlo con\"""",""alcance"":true},{""materiales"":""Display \""Es chido ser Leal\"""",""alcance"":true},{""materiales"":""Electo \""Aquí somos leales\"""",""alcance"":true}]","[{""material"":""LETRERO PLUMÓN"",""pop"":true}]","[]","PIERO (DIST VASAGO)","{""producto"":""Iberia 90g"",""cajas"":100,""promocion"":false,""puntos"":1800,""objetivo"":180}",
"66579bdbb765f9349ce7c13d","PRO-01","2024-05-29T14:59:08-06:00","2024-05-29T15:19:20-06:00","IZT-0105","El material pop quedo exhibido ",true,true,"El encargado de lucero 1 me mando a lucero 2 Qe aquí en esta bodega llega la mercansia ","Si aplica","{""nombre"":""IBERIA"",""productos"":{""gramos"":""90 G"",""precio"":240,""hasPromo"":false}}","[{""promo"":""6 cajas por pallete en 90g"",""implementada"":false},{""promo"":""6 cajas por pallete en 225g"",""implementada"":false},{""promo"":""3 cajas por pallete en 1Kg"",""implementada"":false}]","[{""materiales"":""Stopper \""Hazlo con\"""",""alcance"":true},{""materiales"":""Display \""Es chido ser Leal\"""",""alcance"":true},{""materiales"":""Electo \""Aquí somos leales\"""",""alcance"":true}]","[{""material"":""LETRERO PLUMÓN"",""pop"":true}]","[]","PIERO (DIST VASAGO)","{""producto"":""Iberia 225g"",""cajas"":40,""promocion"":false,""puntos"":500,""objetivo"":50}",
"66579bdbb765f9349ce7c13d","PRO-01","2024-05-29T14:59:08-06:00","2024-05-29T15:19:20-06:00","IZT-0105","El material pop quedo exhibido ",true,true,"El encargado de lucero 1 me mando a lucero 2 Qe aquí en esta bodega llega la mercansia ","Si aplica","{""nombre"":""IBERIA"",""productos"":{""gramos"":""225 G"",""precio"":235,""hasPromo"":false,""pop"":false}}","[{""promo"":""6 cajas por pallete en 90g"",""implementada"":false},{""promo"":""6 cajas por pallete en 225g"",""implementada"":false},{""promo"":""3 cajas por pallete en 1Kg"",""implementada"":false}]","[{""materiales"":""Stopper \""Hazlo con\"""",""alcance"":true},{""materiales"":""Display \""Es chido ser Leal\"""",""alcance"":true},{""materiales"":""Electo \""Aquí somos leales\"""",""alcance"":true}]","[{""material"":""LETRERO PLUMÓN"",""pop"":true}]","[]","PIERO (DIST VASAGO)","{""producto"":""Iberia 90g"",""cajas"":100,""promocion"":false,""puntos"":1800,""objetivo"":180}",
"66579bdbb765f9349ce7c13d","PRO-01","2024-05-29T14:59:08-06:00","2024-05-29T15:19:20-06:00","IZT-0105","El material pop quedo exhibido ",true,true,"El encargado de lucero 1 me mando a lucero 2 Qe aquí en esta bodega llega la mercansia ","Si aplica","{""nombre"":""IBERIA"",""productos"":{""gramos"":""225 G"",""precio"":235,""hasPromo"":false,""pop"":false}}","[{""promo"":""6 cajas por pallete en 90g"",""implementada"":false},{""promo"":""6 cajas por pallete en 225g"",""implementada"":false},{""promo"":""3 cajas por pallete en 1Kg"",""implementada"":false}]","[{""materiales"":""Stopper \""Hazlo con\"""",""alcance"":true},{""materiales"":""Display \""Es chido ser Leal\"""",""alcance"":true},{""materiales"":""Electo \""Aquí somos leales\"""",""alcance"":true}]","[{""material"":""LETRERO PLUMÓN"",""pop"":true}]","[]","PIERO (DIST VASAGO)","{""producto"":""Iberia 225g"",""cajas"":40,""promocion"":false,""puntos"":500,""objetivo"":50}",
"66579bdbb765f9349ce7c13d","PRO-01","2024-05-29T14:59:08-06:00","2024-05-29T15:19:20-06:00","IZT-0105","El material pop quedo exhibido ",true,true,"El encargado de lucero 1 me mando a lucero 2 Qe aquí en esta bodega llega la mercansia ","Si aplica","{""nombre"":""IBERIA"",""productos"":{""gramos"":""1 KG"",""precio"":85,""hasPromo"":false,""pop"":false}}","[{""promo"":""6 cajas por pallete en 90g"",""implementada"":false},{""promo"":""6 cajas por pallete en 225g"",""implementada"":false},{""promo"":""3 cajas por pallete en 1Kg"",""implementada"":false}]","[{""materiales"":""Stopper \""Hazlo con\"""",""alcance"":true},{""materiales"":""Display \""Es chido ser Leal\"""",""alcance"":true},{""materiales"":""Electo \""Aquí somos leales\"""",""alcance"":true}]","[{""material"":""LETRERO PLUMÓN"",""pop"":true}]","[]","PIERO (DIST VASAGO)","{""producto"":""Iberia 90g"",""cajas"":100,""promocion"":false,""puntos"":1800,""objetivo"":180}",
"66579bdbb765f9349ce7c13d","PRO-01","2024-05-29T14:59:08-06:00","2024-05-29T15:19:20-06:00","IZT-0105","El material pop quedo exhibido ",true,true,"El encargado de lucero 1 me mando a lucero 2 Qe aquí en esta bodega llega la mercansia ","Si aplica","{""nombre"":""IBERIA"",""productos"":{""gramos"":""1 KG"",""precio"":85,""hasPromo"":false,""pop"":false}}","[{""promo"":""6 cajas por pallete en 90g"",""implementada"":false},{""promo"":""6 cajas por pallete en 225g"",""implementada"":false},{""promo"":""3 cajas por pallete en 1Kg"",""implementada"":false}]","[{""materiales"":""Stopper \""Hazlo con\"""",""alcance"":true},{""materiales"":""Display \""Es chido ser Leal\"""",""alcance"":true},{""materiales"":""Electo \""Aquí somos leales\"""",""alcance"":true}]","[{""material"":""LETRERO PLUMÓN"",""pop"":true}]","[]","PIERO (DIST VASAGO)","{""producto"":""Iberia 225g"",""cajas"":40,""promocion"":false,""puntos"":500,""objetivo"":50}",
"6658ec9420ea05532739e731","PRO-01","2024-05-30T15:12:53-06:00","2024-05-30T15:16:01-06:00","IZT-0125","Se coloco material Pop ",true,false,"Super buena rotación de los productos Iberia ","Si aplica","{""nombre"":""IBERIA"",""productos"":{""gramos"":""90 G"",""precio"":192,""hasPromo"":false}}","[{""promo"":""6 cajas por pallete en 90g"",""implementada"":true},{""promo"":""6 cajas por pallete en 225g"",""implementada"":false},{""promo"":""3 cajas por pallete en 1Kg"",""implementada"":false}]","[{""materiales"":""Stopper \""Hazlo con\"""",""alcance"":true},{""materiales"":""Display \""Es chido ser Leal\"""",""alcance"":true},{""materiales"":""Electo \""Aquí somos leales\"""",""alcance"":true}]","[{""material"":""LETRERO PLUMÓN"",""pop"":false}]","[]",,,"INVENTARIOS"
"6658ec9420ea05532739e731","PRO-01","2024-05-30T15:12:53-06:00","2024-05-30T15:16:01-06:00","IZT-0125","Se coloco material Pop ",true,false,"Super buena rotación de los productos Iberia ","Si aplica","{""nombre"":""IBERIA"",""productos"":{""gramos"":""225 G"",""precio"":220,""hasPromo"":false,""pop"":false}}","[{""promo"":""6 cajas por pallete en 90g"",""implementada"":true},{""promo"":""6 cajas por pallete en 225g"",""implementada"":false},{""promo"":""3 cajas por pallete en 1Kg"",""implementada"":false}]","[{""materiales"":""Stopper \""Hazlo con\"""",""alcance"":true},{""materiales"":""Display \""Es chido ser Leal\"""",""alcance"":true},{""materiales"":""Electo \""Aquí somos leales\"""",""alcance"":true}]","[{""material"":""LETRERO PLUMÓN"",""pop"":false}]","[]",,,"INVENTARIOS"
"6658ec9420ea05532739e731","PRO-01","2024-05-30T15:12:53-06:00","2024-05-30T15:16:01-06:00","IZT-0125","Se coloco material Pop ",true,false,"Super buena rotación de los productos Iberia ","Si aplica","{""nombre"":""IBERIA"",""productos"":{""gramos"":""1 KG"",""precio"":690,""hasPromo"":false,""pop"":false}}","[{""promo"":""6 cajas por pallete en 90g"",""implementada"":true},{""promo"":""6 cajas por pallete en 225g"",""implementada"":false},{""promo"":""3 cajas por pallete en 1Kg"",""implementada"":false}]","[{""materiales"":""Stopper \""Hazlo con\"""",""alcance"":true},{""materiales"":""Display \""Es chido ser Leal\"""",""alcance"":true},{""materiales"":""Electo \""Aquí somos leales\"""",""alcance"":true}]","[{""material"":""LETRERO PLUMÓN"",""pop"":false}]","[]",,,"INVENTARIOS"
"665e0708559f80c1017d499e","PRO-01","2024-06-03T12:07:51-06:00","2024-06-03T12:10:15-06:00","IZT-0131","No tiene competencia alguna",true,true,"Cliente frecuente con compras semanales ","Si aplica","{""nombre"":""IBERIA"",""productos"":{""gramos"":""90 G"",""precio"":195,""hasPromo"":false}}","[{""promo"":""6 cajas por pallete en 90g"",""implementada"":false},{""promo"":""6 cajas por pallete en 225g"",""implementada"":false},{""promo"":""3 cajas por pallete en 1Kg"",""implementada"":false}]","[{""materiales"":""Stopper \""Hazlo con\"""",""alcance"":true},{""materiales"":""Display \""Es chido ser Leal\"""",""alcance"":true},{""materiales"":""Electo \""Aquí somos leales\"""",""alcance"":true}]","[{""material"":""LETRERO PLUMÓN"",""pop"":false}]","[]","DIST. MARGA","{""producto"":""Iberia 90g"",""cajas"":50,""promocion"":false,""puntos"":1800,""objetivo"":180}",
"665e0708559f80c1017d499e","PRO-01","2024-06-03T12:07:51-06:00","2024-06-03T12:10:15-06:00","IZT-0131","No tiene competencia alguna",true,true,"Cliente frecuente con compras semanales ","Si aplica","{""nombre"":""IBERIA"",""productos"":{""gramos"":""90 G"",""precio"":195,""hasPromo"":false}}","[{""promo"":""6 cajas por pallete en 90g"",""implementada"":false},{""promo"":""6 cajas por pallete en 225g"",""implementada"":false},{""promo"":""3 cajas por pallete en 1Kg"",""implementada"":false}]","[{""materiales"":""Stopper \""Hazlo con\"""",""alcance"":true},{""materiales"":""Display \""Es chido ser Leal\"""",""alcance"":true},{""materiales"":""Electo \""Aquí somos leales\"""",""alcance"":true}]","[{""material"":""LETRERO PLUMÓN"",""pop"":false}]","[]","DIST. MARGA","{""producto"":""Iberia 1Kg"",""cajas"":10,""promocion"":true,""puntos"":1000,""objetivo"":100}",
"665e0708559f80c1017d499e","PRO-01","2024-06-03T12:07:51-06:00","2024-06-03T12:10:15-06:00","IZT-0131","No tiene competencia alguna",true,true,"Cliente frecuente con compras semanales ","Si aplica","{""nombre"":""IBERIA"",""productos"":{""gramos"":""225 G"",""precio"":175,""hasPromo"":false,""pop"":false}}","[{""promo"":""6 cajas por pallete en 90g"",""implementada"":false},{""promo"":""6 cajas por pallete en 225g"",""implementada"":false},{""promo"":""3 cajas por pallete en 1Kg"",""implementada"":false}]","[{""materiales"":""Stopper \""Hazlo con\"""",""alcance"":true},{""materiales"":""Display \""Es chido ser Leal\"""",""alcance"":true},{""materiales"":""Electo \""Aquí somos leales\"""",""alcance"":true}]","[{""material"":""LETRERO PLUMÓN"",""pop"":false}]","[]","DIST. MARGA","{""producto"":""Iberia 90g"",""cajas"":50,""promocion"":false,""puntos"":1800,""objetivo"":180}",
"665e0708559f80c1017d499e","PRO-01","2024-06-03T12:07:51-06:00","2024-06-03T12:10:15-06:00","IZT-0131","No tiene competencia alguna",true,true,"Cliente frecuente con compras semanales ","Si aplica","{""nombre"":""IBERIA"",""productos"":{""gramos"":""225 G"",""precio"":175,""hasPromo"":false,""pop"":false}}","[{""promo"":""6 cajas por pallete en 90g"",""implementada"":false},{""promo"":""6 cajas por pallete en 225g"",""implementada"":false},{""promo"":""3 cajas por pallete en 1Kg"",""implementada"":false}]","[{""materiales"":""Stopper \""Hazlo con\"""",""alcance"":true},{""materiales"":""Display \""Es chido ser Leal\"""",""alcance"":true},{""materiales"":""Electo \""Aquí somos leales\"""",""alcance"":true}]","[{""material"":""LETRERO PLUMÓN"",""pop"":false}]","[]","DIST. MARGA","{""producto"":""Iberia 1Kg"",""cajas"":10,""promocion"":true,""puntos"":1000,""objetivo"":100}",
"665e0708559f80c1017d499e","PRO-01","2024-06-03T12:07:51-06:00","2024-06-03T12:10:15-06:00","IZT-0131","No tiene competencia alguna",true,true,"Cliente frecuente con compras semanales ","Si aplica","{""nombre"":""IBERIA"",""productos"":{""gramos"":""1 KG"",""precio"":700,""hasPromo"":false,""pop"":false}}","[{""promo"":""6 cajas por pallete en 90g"",""implementada"":false},{""promo"":""6 cajas por pallete en 225g"",""implementada"":false},{""promo"":""3 cajas por pallete en 1Kg"",""implementada"":false}]","[{""materiales"":""Stopper \""Hazlo con\"""",""alcance"":true},{""materiales"":""Display \""Es chido ser Leal\"""",""alcance"":true},{""materiales"":""Electo \""Aquí somos leales\"""",""alcance"":true}]","[{""material"":""LETRERO PLUMÓN"",""pop"":false}]","[]","DIST. MARGA","{""producto"":""Iberia 90g"",""cajas"":50,""promocion"":false,""puntos"":1800,""objetivo"":180}",
"665e0708559f80c1017d499e","PRO-01","2024-06-03T12:07:51-06:00","2024-06-03T12:10:15-06:00","IZT-0131","No tiene competencia alguna",true,true,"Cliente frecuente con compras semanales ","Si aplica","{""nombre"":""IBERIA"",""productos"":{""gramos"":""1 KG"",""precio"":700,""hasPromo"":false,""pop"":false}}","[{""promo"":""6 cajas por pallete en 90g"",""implementada"":false},{""promo"":""6 cajas por pallete en 225g"",""implementada"":false},{""promo"":""3 cajas por pallete en 1Kg"",""implementada"":false}]","[{""materiales"":""Stopper \""Hazlo con\"""",""alcance"":true},{""materiales"":""Display \""Es chido ser Leal\"""",""alcance"":true},{""materiales"":""Electo \""Aquí somos leales\"""",""alcance"":true}]","[{""material"":""LETRERO PLUMÓN"",""pop"":false}]","[]","DIST. MARGA","{""producto"":""Iberia 1Kg"",""cajas"":10,""promocion"":true,""puntos"":1000,""objetivo"":100}",
"66635bb5305e96ada36be588","PRO-01","2024-06-07T13:09:48-06:00","2024-06-07T13:12:51-06:00","IZT-0131","Cliente frecuente comprando iberia",true,true,"Aunke no compra x palellet
Pero sus compras son frecuentes ","Si aplica","{""nombre"":""IBERIA"",""productos"":{""gramos"":""90 G"",""precio"":195,""hasPromo"":false}}","[{""promo"":""6 cajas por pallete en 90g"",""implementada"":false},{""promo"":""6 cajas por pallete en 225g"",""implementada"":false},{""promo"":""3 cajas por pallete en 1Kg"",""implementada"":false}]","[{""materiales"":""Stopper \""Hazlo con\"""",""alcance"":true},{""materiales"":""Display \""Es chido ser Leal\"""",""alcance"":true},{""materiales"":""Electo \""Aquí somos leales\"""",""alcance"":true}]","[{""material"":""LETRERO PLUMÓN"",""pop"":true}]","[]","DIST. MARGA","{""producto"":""Iberia 1Kg"",""cajas"":10,""promocion"":true,""puntos"":1000,""objetivo"":100}",
"66635bb5305e96ada36be588","PRO-01","2024-06-07T13:09:48-06:00","2024-06-07T13:12:51-06:00","IZT-0131","Cliente frecuente comprando iberia",true,true,"Aunke no compra x palellet
Pero sus compras son frecuentes ","Si aplica","{""nombre"":""IBERIA"",""productos"":{""gramos"":""225 G"",""precio"":175,""hasPromo"":false,""pop"":false}}","[{""promo"":""6 cajas por pallete en 90g"",""implementada"":false},{""promo"":""6 cajas por pallete en 225g"",""implementada"":false},{""promo"":""3 cajas por pallete en 1Kg"",""implementada"":false}]","[{""materiales"":""Stopper \""Hazlo con\"""",""alcance"":true},{""materiales"":""Display \""Es chido ser Leal\"""",""alcance"":true},{""materiales"":""Electo \""Aquí somos leales\"""",""alcance"":true}]","[{""material"":""LETRERO PLUMÓN"",""pop"":true}]","[]","DIST. MARGA","{""producto"":""Iberia 1Kg"",""cajas"":10,""promocion"":true,""puntos"":1000,""objetivo"":100}",
"66635bb5305e96ada36be588","PRO-01","2024-06-07T13:09:48-06:00","2024-06-07T13:12:51-06:00","IZT-0131","Cliente frecuente comprando iberia",true,true,"Aunke no compra x palellet
Pero sus compras son frecuentes ","Si aplica","{""nombre"":""IBERIA"",""productos"":{""gramos"":""1 KG"",""precio"":700,""hasPromo"":false,""pop"":false}}","[{""promo"":""6 cajas por pallete en 90g"",""implementada"":false},{""promo"":""6 cajas por pallete en 225g"",""implementada"":false},{""promo"":""3 cajas por pallete en 1Kg"",""implementada"":false}]","[{""materiales"":""Stopper \""Hazlo con\"""",""alcance"":true},{""materiales"":""Display \""Es chido ser Leal\"""",""alcance"":true},{""materiales"":""Electo \""Aquí somos leales\"""",""alcance"":true}]","[{""material"":""LETRERO PLUMÓN"",""pop"":true}]","[]","DIST. MARGA","{""producto"":""Iberia 1Kg"",""cajas"":10,""promocion"":true,""puntos"":1000,""objetivo"":100}",